"Time (s)","X (m/s^2)","Y (m/s^2)","Z (m/s^2)"
3.196245834E-2,-3.133993569E-1,1.142809063E-1,-9.922572935E-1
4.195145832E-2,-3.502280447E-1,1.931925899E-1,-3.156642759E-1
5.194145831E-2,-2.602025583E-1,1.444145322E-1,1.954104388E-1
6.193145833E-2,-6.205533028E-2,-7.993260741E-2,4.319876146E-1
7.192045831E-2,1.141177690E-1,-3.628507215E-1,3.273195308E-1
8.191045834E-2,1.237718144E-1,-4.084742063E-1,-9.950382292E-2
9.190045833E-2,1.846316814E-2,-2.983208495E-1,-6.133436859E-1
1.018894583E-1,-1.730644271E-1,-2.651548576E-1,-8.083676237E-1
1.118794583E-1,-3.445913288E-1,-2.854277390E-1,-6.228688002E-1
1.218694583E-1,-4.534565440E-1,-2.530809420E-1,-2.611430830E-1
1.318584583E-1,-4.721325508E-1,-1.037413001E-1,-7.091503143E-3
1.418484583E-1,-5.560415572E-1,-1.765625238E-2,6.523153782E-2
1.518384583E-1,-6.553246477E-1,1.262981039E-1,-9.134520292E-3
1.618274583E-1,-4.956716868E-1,1.681951582E-2,-1.061088377E-1
1.718174583E-1,-2.233446345E-1,-1.113040888E-1,-2.428331119E-1
1.818074583E-1,7.499521852E-2,-4.799043775E-2,-3.156426412E-1
1.917964583E-1,3.680474344E-1,-5.332134426E-2,-1.090979344E-1
2.017864583E-1,4.533390149E-1,-4.102698863E-2,2.944646108E-1
2.117764583E-1,3.729944712E-1,6.713714540E-2,6.720532393E-1
2.217654583E-1,3.933223164E-1,1.418446809E-1,9.329799753E-1
2.317554583E-1,4.176756772E-1,2.353486758E-1,1.042281978E0
2.417454583E-1,4.153759673E-1,3.368235952E-1,1.110054715E0
2.517354583E-1,4.042601180E-1,4.439492637E-1,1.105068210E0
2.617244583E-1,1.704656321E-1,5.094567901E-1,9.831414843E-1
2.717144583E-1,-1.030978140E-1,3.940339226E-1,8.161514372E-1
2.817044583E-1,-1.787058207E-1,-9.368993640E-3,7.569922328E-1
2.916934583E-1,-5.319738328E-2,-3.054708248E-1,6.848469472E-1
3.016834583E-1,1.850427407E-1,-2.466238618E-1,5.050976908E-1
3.116734583E-1,1.558350214E-1,1.444098544E-1,3.821681678E-1
3.216624583E-1,-3.182347119E-3,4.382213312E-1,4.644314754E-1
3.316524583E-1,-9.135865152E-2,3.079938984E-1,6.648062003E-1
3.416424583E-1,3.708421111E-2,2.286454278E-1,9.613413101E-1
3.516314583E-1,4.074649769E-1,2.117879051E-1,1.957888706E0
3.616214583E-1,5.065124246E-1,6.206082666E-1,2.267841421E0
3.716114583E-1,2.299730381E-1,5.243844393E-1,2.039682482E0
3.816004583E-1,-1.338755107E-1,-7.742415190E-2,1.527358802E0
3.915904583E-1,-1.956881815E-1,-1.138727707E-1,7.551351571E-1
4.015804583E-1,9.490206420E-2,9.673662812E-2,-3.290579081E-2
4.115704583E-1,2.826748699E-1,2.229183725E-1,-5.486056530E-1
4.215594583E-1,3.120191216E-1,3.539711398E-1,-6.700587541E-1
4.315494167E-1,3.492705631E-1,4.946864310E-1,-5.615689301E-1
4.415394166E-1,2.341651994E-1,5.376497251E-1,-3.144498092E-1
4.515284167E-1,4.034812689E-2,5.547531232E-1,1.130032897E-2
4.615184166E-1,-2.352954662E-1,6.422412103E-1,3.093919677E-1
4.715084167E-1,-4.133420134E-1,8.243501106E-1,6.145031887E-1
4.814974167E-1,-3.654720283E-1,7.704905301E-1,8.260110122E-1
4.914874166E-1,-2.653407991E-1,4.845301098E-1,8.579420722E-1
5.014774167E-1,-1.295210892E-1,4.199873739E-1,7.013752717E-1
5.114664166E-1,-3.511750013E-2,5.121614197E-1,3.080547094E-1
5.214564167E-1,-7.088082522E-2,5.426853472E-1,-5.066670835E-2
5.314464167E-1,-1.722385079E-1,4.606234762E-1,-3.598832595E-1
5.414354166E-1,-1.737122986E-1,4.604717410E-1,-4.898972690E-1
5.514254167E-1,-7.655496329E-2,7.001993966E-1,-5.457837868E-1
5.614154167E-1,-9.489621699E-2,9.369221681E-1,-5.469175619E-1
5.714054166E-1,-2.416835493E-1,9.097562966E-1,-3.927142060E-1
5.813944167E-1,-3.759306505E-1,8.497559702E-1,-6.280494332E-2
5.913844166E-1,-3.530972734E-1,9.648815069E-1,3.051205766E-1
6.013744167E-1,-3.019437844E-1,9.617707881E-1,5.062513465E-1
6.113634167E-1,-4.192228505E-1,8.595254982E-1,4.647220820E-1
6.213534166E-1,-4.351395562E-1,6.918492803E-1,2.780479681E-1
6.313434167E-1,-3.246192867E-1,5.468643522E-1,-6.298854589E-2
6.413324166E-1,6.335984409E-2,4.564937340E-1,-4.948352426E-1
6.513224167E-1,2.306700262E-1,6.149493313E-1,-7.262844104E-1
6.613124167E-1,-5.616718411E-2,8.839371850E-1,-6.233032483E-1
6.713014166E-1,-4.174452969E-1,1.040671362E0,-1.951929224E-1
6.812914167E-1,-6.365349126E-1,1.083528383E0,2.018207413E-1
6.912814167E-1,-6.953169715E-1,9.949727404E-1,2.636608940E-1
7.012704167E-1,-6.211967888E-1,8.468272461E-1,7.918299437E-2
7.112604167E-1,-4.158045682E-1,6.957486422E-1,-2.507958502E-1
7.212504167E-1,-2.522757804E-1,5.095119001E-1,-3.953963238E-1
7.312404166E-1,-3.354471606E-1,5.926097515E-1,-3.194579494E-1
7.412294167E-1,-3.432154790E-1,7.411078329E-1,-4.436247432E-1
7.512194166E-1,-3.717417052E-1,7.344843994E-1,-5.735966527E-1
7.612094167E-1,-4.039741892E-1,6.273907444E-1,-6.324675894E-1
7.711984167E-1,-4.415302706E-1,6.136720070E-1,-5.143275207E-1
7.811884166E-1,-7.035843498E-1,7.157608840E-1,-3.620958459E-1
7.911784167E-1,-9.609571481E-1,7.744118191E-1,-3.827903116E-1
8.011674166E-1,-9.642117083E-1,6.648738818E-1,-4.078520626E-1
8.111574167E-1,-7.581087586E-1,5.375864290E-1,-3.650551218E-1
8.211474167E-1,-6.092696384E-1,5.082437852E-1,-3.026723474E-1
8.311364166E-1,-4.684224924E-1,4.837332805E-1,-2.767001849E-1
8.411264167E-1,-3.754675511E-1,3.864318113E-1,-5.223060465E-1
8.511164167E-1,-3.731184322E-1,1.909759104E-1,-6.887885553E-1
8.611064166E-1,-5.794636028E-1,5.888029218E-2,-6.978774673E-1
8.710954167E-1,-1.083439505E0,2.374125968E-1,-7.121651387E-1
8.810854167E-1,-1.364129684E0,6.801231278E-1,1.199749249E-1
8.910754166E-1,-1.236146559E0,9.895250358E-1,4.480873382E-1
9.010644167E-1,-1.018670775E0,9.862438707E-1,2.062921071E-1
9.110544166E-1,-7.290922433E-1,7.899572267E-1,4.989429116E-2
9.210444167E-1,-4.810230960E-1,5.882756491E-1,-9.550023437E-2
9.310334167E-1,-4.476973289E-1,5.496338859E-1,1.007674062E-1
9.410234166E-1,-5.662127888E-1,5.824917296E-1,1.849012381E-1
9.510134167E-1,-7.079383327E-1,4.096934970E-1,2.303919911E-2
9.610024166E-1,-9.991976461E-1,1.412029490E-1,-2.676147813E-1
9.709924167E-1,-1.061458652E0,-6.178548127E-2,-5.330906510E-1
9.809824167E-1,-9.052488242E-1,-1.482106908E-1,-6.869022435E-1
9.909714166E-1,-8.463106446E-1,-1.228497085E-1,-6.727069581E-1
1.000961417E0,-7.625007485E-1,7.820753261E-2,-4.560980237E-1
1.010951417E0,-7.512080940E-1,3.603112757E-1,-2.759850705E-1
1.020941417E0,-6.908954532E-1,5.015330820E-1,-1.396683472E-1
1.030930417E0,-4.598708665E-1,4.323342083E-1,-1.349274248E-1
1.040920417E0,-3.282285536E-1,4.094023056E-1,-6.297217369E-2
1.050910417E0,-2.749470435E-1,4.790837207E-1,-1.446466666E-1
1.060899417E0,-3.560426256E-1,4.989459814E-1,-3.113747585E-1
1.070889417E0,-4.891990749E-1,3.905706167E-1,-4.763475162E-1
1.080879417E0,-6.498703650E-1,1.520053875E-1,-7.938530803E-1
1.090868417E0,-7.956610394E-1,-8.870723158E-2,-1.213808879E0
1.100858417E0,-8.359127603E-1,-8.315033019E-2,-1.509193842E0
1.110848417E0,-6.843668908E-1,1.306883396E-1,-1.473452151E0
1.120837417E0,-4.803557825E-1,4.318048891E-1,-1.027735274E0
1.130827417E0,-4.918177870E-1,7.349771735E-1,-6.021585470E-1
1.140817417E0,-5.915245083E-1,9.517286338E-1,-2.647262567E-1
1.150807417E0,-7.418594925E-1,1.028498190E0,-2.373905236E-1
1.160796417E0,-7.742116251E-1,8.407497963E-1,-5.423427004E-1
1.170786417E0,-6.235241269E-1,4.023683976E-1,-9.862434322E-1
1.180776417E0,-2.710076281E-1,-8.922295600E-2,-1.482798926E0
1.190765417E0,3.134949223E-1,-4.975349021E-1,-1.858601815E0
1.200755417E0,8.309155105E-1,-8.478202495E-1,-1.762581763E0
1.210745417E0,9.262999700E-1,-9.646476182E-1,-1.608887699E0
1.220734417E0,8.255072746E-1,-8.744554862E-1,-1.318547714E0
1.230724417E0,6.719305209E-1,-5.682294935E-1,-7.381536734E-1
1.240714417E0,5.952613907E-1,-1.958583355E-1,-1.126056790E-2
1.250703417E0,6.600137492E-1,1.544308126E-1,7.191163087E-1
1.260693417E0,6.609441143E-1,2.624572447E-1,8.479351473E-1
1.270683417E0,4.304169794E-1,1.463601932E-1,3.218009287E-1
1.280673417E0,1.045182489E-1,-9.929127663E-2,-3.093586385E-1
1.290662417E0,-1.336373828E-1,-4.026766920E-1,-6.588373625E-1
1.300652417E0,-3.058592261E-1,-4.323027796E-1,-7.004771394E-1
1.310642417E0,-3.429670454E-1,-1.007378778E-1,-6.508909965E-1
1.320631417E0,-2.504907717E-1,1.865700334E-1,-5.452452582E-1
1.330621417E0,-3.383286685E-1,4.090454793E-1,-2.878128183E-1
1.340611417E0,-5.562012593E-1,6.483948201E-1,1.598160982E-2
1.350600417E0,-6.186793432E-1,7.998113930E-1,1.516346741E-1
1.360590417E0,-7.024200960E-1,7.892136070E-1,1.362395400E-1
1.370580417E0,-9.115654251E-1,7.677169034E-1,8.250479758E-2
1.380570417E0,-1.248232900E0,7.043836641E-1,-9.563296616E-2
1.390559417E0,-1.275051154E0,4.846476388E-1,-4.106645733E-1
1.400549417E0,-1.077648057E0,2.060921323E-1,-6.444736773E-1
1.410539417E0,-9.192581682E-1,2.460566819E-2,-7.961212152E-1
1.420528417E0,-9.358063732E-1,-1.078928232E-2,-8.824150085E-1
1.430520083E0,-1.111372239E0,-1.612784868E-1,-1.047871916E0
1.440510083E0,-1.068577053E0,-2.889834309E-1,-1.066421038E0
1.450499083E0,-4.080118378E-1,-3.573990700E-1,-1.009694860E0
1.460489083E0,3.847312948E-1,-3.814688408E-1,-8.626192600E-1
1.470479083E0,8.029905973E-1,-1.543252704E-1,-5.294764870E-1
1.480468083E0,8.550458001E-1,2.550447294E-1,-1.481608433E-1
1.490458083E0,5.850701324E-1,5.723126042E-1,1.509844637E-1
1.500448083E0,2.319879887E-1,6.183284372E-1,1.835984784E-1
1.510438083E0,-1.215464920E-1,5.176040080E-1,2.194009799E-1
1.520427083E0,-2.509933216E-1,3.998340681E-1,3.371796906E-2
1.530417083E0,-1.892306810E-1,3.348141995E-1,-4.078655112E-1
1.540407083E0,2.849053451E-1,3.263181952E-1,-9.994248104E-1
1.550396083E0,8.241935514E-1,4.702740133E-2,-1.375641097E0
1.560386083E0,1.050100436E0,-1.828631911E-1,-1.432145666E0
1.570376083E0,1.137377073E0,-1.631110042E-1,-1.268606061E0
1.580365083E0,1.338011780E0,-8.497758508E-3,-7.117727906E-1
1.590355083E0,1.438245774E0,2.460347548E-1,-1.856432498E-2
1.600345083E0,1.138374535E0,3.150044176E-1,4.378003317E-1
1.610334083E0,7.896284670E-1,3.542830887E-1,5.817365617E-1
1.620324083E0,5.449683926E-1,4.067706200E-1,3.998162341E-1
1.630314083E0,7.594084485E-1,1.944783926E-3,9.306428432E-3
1.640304083E0,1.202071909E0,-5.455250475E-1,-4.525627971E-1
1.650293083E0,1.405722683E0,-7.247995099E-1,-7.777831775E-1
1.660283083E0,1.486076875E0,-6.483679229E-1,-4.542467952E-1
1.670273083E0,1.619856491E0,-5.318437323E-1,2.214995456E-1
1.680262083E0,1.648496153E0,-3.743866932E-1,7.403522265E-1
1.690252083E0,1.677676391E0,-2.825406763E-1,1.019677811E0
1.700242083E0,1.842349771E0,-2.131444591E-1,1.375851012E0
1.710231083E0,1.740271419E0,-2.098682642E-1,1.675683367E0
1.720221083E0,1.581631196E0,-2.632191369E-1,1.832538435E0
1.730211083E0,1.456392607E0,-3.544731233E-1,1.871869147E0
1.740200083E0,1.314308775E0,-5.356224954E-1,1.838678012E0
1.750190083E0,1.119505278E0,-8.011600533E-1,1.789447964E0
1.760180083E0,8.770823479E-1,-1.054530725E0,1.726852351E0
1.770170083E0,8.302736324E-1,-1.042848865E0,1.864934934E0
1.780159083E0,7.534859499E-1,-8.341079441E-1,2.241732434E0
1.790149083E0,4.348925114E-1,-6.913332635E-1,2.519650594E0
1.800139083E0,2.485069576E-1,-7.583993652E-1,2.746114426E0
1.810128083E0,2.080386704E-1,-8.488537449E-1,2.896460958E0
1.820118083E0,-2.118007690E-2,-9.298327115E-1,2.988028355E0
1.830108083E0,-2.725004223E-1,-1.029226607E0,3.113026038E0
1.840097083E0,3.698939851E-1,-1.191949941E0,3.268364924E0
1.850087083E0,8.723037109E-1,-1.454313045E0,2.978154162E0
1.860077083E0,7.442143124E-1,-1.415880466E0,2.602183458E0
1.870067083E0,8.033951515E-1,-1.279579238E0,2.347465881E0
1.880056083E0,6.361297005E-1,-1.122047355E0,2.229383115E0
1.890046083E0,3.420013046E-1,-9.032802129E-1,2.023485110E0
1.900036083E0,4.160060048E-2,-6.941644853E-1,1.652382213E0
1.910025083E0,6.594899118E-2,-5.105376479E-1,1.396972910E0
1.920015083E0,1.643471056E-1,-2.290152642E-1,9.891933525E-1
1.930005083E0,2.607507348E-2,1.110596752E-1,9.082427448E-1
1.939994083E0,4.401608527E-2,3.714201084E-1,9.011366236E-1
1.949984083E0,2.108301312E-1,4.530068931E-1,7.798174238E-1
1.959974083E0,3.598013985E-1,6.057507840E-1,8.531976414E-1
1.969963083E0,2.981506956E-1,8.343935806E-1,1.007538992E0
1.979953083E0,2.554280144E-1,8.114330265E-1,1.084246860E0
1.989943083E0,5.577945524E-1,6.950611559E-1,1.152412530E0
1.999933083E0,7.539662987E-1,6.020635298E-1,1.092691993E0
2.009922083E0,5.521116436E-1,2.062169704E-1,8.846591699E-1
2.019912083E0,2.985260868E-1,-9.067862034E-2,6.820689350E-1
2.029902083E0,-3.508329391E-3,-1.415298083E-1,6.313297212E-1
2.039891083E0,-4.833372778E-1,-1.923207700E-1,5.757379031E-1
2.049881083E0,-5.755355895E-1,-2.193810993E-1,4.920116222E-1
2.059871083E0,-4.498034960E-1,-3.917798209E-1,4.061616325E-1
2.069860083E0,-4.303229123E-1,-7.182243159E-1,1.198994958E-1
2.079850083E0,-4.406327230E-1,-7.032031113E-1,-1.196679461E-1
2.089840083E0,-7.695152146E-1,-4.095144260E-1,-1.439350605E-1
2.099830083E0,-1.157429441E0,-4.209124035E-1,-2.340090787E-1
2.109819083E0,-1.137955874E0,-3.771345922E-1,-3.123377949E-1
2.119809083E0,-9.422466427E-1,-2.412438387E-1,-3.618607879E-1
2.129799083E0,-8.336264259E-1,-3.840652969E-1,-4.393749869E-1
2.139788083E0,-6.946591598E-1,-4.156557566E-1,-6.173045897E-1
2.149778083E0,-5.221563578E-1,-1.594433382E-1,-6.453396499E-1
2.159768083E0,-4.703494424E-1,-1.486426538E-1,-6.592624551E-1
2.169757083E0,-3.820664263E-1,-4.715580618E-1,-1.017394474E0
2.179747083E0,-3.514392954E-1,-4.615581536E-1,-1.426041173E0
2.189737083E0,-5.226077628E-1,-3.469188130E-1,-1.556524714E0
2.199727083E0,-7.836491042E-1,-4.022171009E-1,-1.541533622E0
2.209716083E0,-8.779079747E-1,-2.456421143E-1,-1.432742082E0
2.219706083E0,-6.909695667E-1,2.265503705E-1,-8.879090524E-1
2.229696083E0,-4.973460370E-1,4.015791696E-1,-5.318405163E-1
2.239685083E0,-4.240500194E-1,2.634471783E-1,-5.999249107E-1
2.249675083E0,-3.237059516E-1,2.031407502E-1,-8.665415722E-1
2.259665083E0,-2.815101045E-1,1.931839652E-1,-1.013946370E0
2.269654083E0,-2.176269346E-1,1.985622342E-1,-9.677732474E-1
2.279644083E0,-2.551964647E-1,8.078922451E-2,-1.114721963E0
2.289634083E0,-5.067153230E-1,3.761265323E-2,-1.397513777E0
2.299624083E0,-6.079548919E-1,3.499514714E-2,-1.473976062E0
2.309613083E0,-4.764100814E-1,-8.515007794E-4,-1.440530573E0
2.319603083E0,-3.651486772E-1,-1.541400598E-1,-1.659033421E0
2.329593083E0,-3.982094193E-1,-2.872286814E-1,-1.806269234E0
2.339582083E0,-6.997895068E-1,-1.699276882E-1,-1.672390215E0
2.349572083E0,-1.076513917E0,-1.228475158E-1,-1.482699523E0
2.359562083E0,-1.251257664E0,-4.435039982E-2,-1.218314159E0
2.369551083E0,-1.043621867E0,6.701625422E-2,-1.114975732E0
2.379541083E0,-6.792143244E-1,8.175211474E-2,-1.151638944E0
2.389531083E0,-4.782086849E-1,1.398212519E-1,-1.069179170E0
2.399521083E0,-6.128916961E-1,2.415635352E-1,-1.034791110E0
2.409510083E0,-8.984211767E-1,4.473559977E-1,-1.221691511E0
2.419500083E0,-9.628843904E-1,5.228881368E-1,-1.267515555E0
2.429490083E0,-7.823776272E-1,3.723235032E-1,-1.372359055E0
2.439477042E0,-6.597112289E-1,3.179384042E-1,-1.671928870E0
2.449467042E0,-6.261119583E-1,2.988858368E-1,-1.830917587E0
2.459457042E0,-5.102818322E-1,2.320327199E-1,-1.735790405E0
2.469446042E0,-3.292885807E-1,2.068665960E-1,-1.518540616E0
2.479436042E0,-2.464101461E-1,4.469953707E-1,-1.291900783E0
2.489426042E0,-7.872866571E-2,5.173218799E-1,-1.228233376E0
2.499416042E0,3.260933697E-2,4.829028296E-1,-1.021135522E0
2.509405042E0,-1.413657939E-1,5.588539217E-1,-8.690956360E-1
2.519395042E0,-4.651615003E-1,5.245167325E-1,-9.428506601E-1
2.529385042E0,-8.515496036E-1,3.752028184E-1,-8.648055339E-1
2.539374042E0,-9.867243657E-1,3.178256992E-1,-7.104232532E-1
2.549364042E0,-7.390396728E-1,2.826352550E-1,-6.906748670E-1
2.559354042E0,-3.527366464E-1,2.930729735E-1,-6.123081440E-1
2.569343042E0,1.208765656E-2,2.673556034E-1,-4.482130533E-1
2.579333042E0,1.509783241E-1,2.163545805E-1,-2.629773545E-1
2.589323042E0,-2.067477514E-1,3.274749206E-1,-1.961530352E-1
2.599312042E0,-1.049738785E0,4.121243307E-1,-2.979553986E-1
2.609302042E0,-1.574276422E0,1.949835920E-1,-3.892953390E-1
2.619292042E0,-1.642004867E0,1.728492495E-1,-3.849859411E-1
2.629282042E0,-1.306980606E0,3.371307202E-1,-2.168504244E-1
2.639271042E0,-7.879999443E-1,3.743178423E-1,-6.293358207E-2
2.649261042E0,-2.768367174E-1,1.494793904E-1,-2.571014875E-1
2.659251042E0,4.983252995E-2,7.847431183E-2,-3.520614392E-1
2.669240042E0,1.285517670E-1,7.721949935E-2,-2.301487470E-1
2.679230042E0,-1.605918045E-1,4.366159782E-2,-1.336486387E-1
2.689220042E0,-5.268124590E-1,-4.966712683E-2,6.431644857E-2
2.699209042E0,-6.003410497E-1,-1.266360730E-2,3.542325103E-1
2.709199042E0,-4.296930210E-1,-2.646976054E-2,6.312484449E-1
2.719189042E0,3.227724253E-2,-3.348798345E-1,6.690775913E-1
2.729179042E0,2.830935488E-1,-5.035626505E-1,6.146984857E-1
2.739168042E0,5.292952599E-1,-6.734194413E-1,5.928193742E-1
2.749158042E0,5.796249859E-1,-8.539159718E-1,4.969449180E-1
2.759148042E0,-1.926173700E-1,-7.539882258E-1,3.182651174E-1
2.769137042E0,-7.989630351E-1,-6.162178847E-1,1.625590271E-1
2.779127042E0,-9.926674026E-1,-3.097397308E-1,8.393561125E-2
2.789117042E0,-1.011243934E0,-7.865849912E-2,-3.544465184E-2
2.799106042E0,-8.627554270E-1,-4.730748296E-2,-1.728372627E-1
2.809096042E0,-5.626295420E-1,1.382753943E-1,-1.622005928E-1
2.819086042E0,-1.066822961E0,3.924271077E-1,-3.281048119E-2
2.829076042E0,-1.320339886E0,2.818904659E-1,2.416028577E-1
2.839065042E0,-8.384720135E-1,2.189197540E-2,2.297002655E-1
2.849055042E0,-3.064739147E-1,-1.872836861E-1,5.644375741E-2
2.859045042E0,1.268011107E-1,-1.286308506E-1,-3.034938812E-1
2.869034042E0,3.850338882E-1,-9.693484873E-2,-4.752979410E-1
2.879024042E0,-3.820570707E-3,-2.322388342E-1,-3.876598728E-1
2.889014042E0,-5.480525064E-1,-3.303153518E-1,-8.958285213E-2
2.899004042E0,-8.081069840E-1,-3.327852157E-1,4.570651531E-2
2.908993042E0,-9.125059497E-1,-2.576458633E-1,7.111266732E-2
2.918983042E0,-9.640067634E-1,-2.295748428E-1,-7.235344648E-3
2.928973042E0,-1.062031825E0,2.320145935E-2,-3.804490864E-2
2.938962042E0,-1.158698579E0,2.522237402E-1,-3.183224201E-3
2.948952042E0,-1.122209030E0,2.675919771E-1,-2.365783453E-2
2.958942042E0,-1.180719924E0,4.286365753E-1,-2.665792394E-1
2.968931042E0,-1.415907363E0,6.939054537E-1,-4.338669097E-1
2.978921042E0,-1.447286592E0,6.802139059E-1,-4.709517056E-1
2.988911042E0,-1.313616026E0,5.529735231E-1,-7.072201484E-1
2.998900042E0,-1.215398883E0,4.504367495E-1,-1.016159542E0
3.008890042E0,-1.261029239E0,2.953165501E-1,-1.158354471E0
3.018880042E0,-1.145949310E0,2.781894708E-1,-8.741183943E-1
3.028870042E0,-8.173026077E-1,3.315061373E-1,-7.441125709E-1
3.038859042E0,-3.974155135E-1,1.998914525E-1,-8.608867300E-1
3.048849042E0,-1.381603503E-1,1.523155823E-1,-8.056954461E-1
3.058839042E0,-2.764205419E-1,3.958936295E-1,-5.037013757E-1
3.068828042E0,-6.461804795E-1,7.303371155E-1,-2.122574365E-1
3.078818042E0,-7.422310831E-1,7.793052077E-1,-1.432573682E-1
3.088808042E0,-5.178780963E-1,5.476198125E-1,-4.095547718E-1
3.098798042E0,-3.537618095E-1,2.661029837E-1,-7.408977717E-1
3.108787042E0,-3.820434760E-1,1.713930005E-1,-8.214262104E-1
3.118777042E0,-4.144190705E-1,1.290992126E-1,-8.047505361E-1
3.128767042E0,-5.698427403E-1,2.222324941E-1,-7.891051412E-1
3.138756042E0,-7.085275859E-1,2.655916446E-1,-7.745555145E-1
3.148746042E0,-6.163601182E-1,1.996011382E-1,-7.082229459E-1
3.158736042E0,-4.727967214E-1,3.101208231E-1,-4.675275761E-1
3.168725042E0,-1.078764510E-1,4.546479142E-1,-1.744867623E-1
3.178715042E0,3.108185421E-1,4.272089776E-1,-3.771454096E-3
3.188705042E0,5.071358109E-1,3.748293275E-1,-1.169384658E-2
3.198695042E0,5.175217815E-1,2.637310606E-1,-2.373449153E-1
3.208684042E0,4.453733531E-1,1.327040210E-1,-3.909740746E-1
3.218674042E0,3.610500714E-1,1.866396153E-1,-2.194565284E-1
3.228664042E0,5.121311603E-1,3.969931984E-1,1.002803332E-1
3.238653042E0,5.222824749E-1,6.662802833E-1,2.616839504E-1
3.248643042E0,4.006977750E-1,7.768210182E-1,3.957880872E-1
3.258633042E0,3.188059849E-1,6.463652515E-1,3.348337877E-1
3.268622042E0,4.767064256E-1,3.236954266E-1,2.317678410E-1
3.278612042E0,7.778491049E-1,2.387625727E-1,2.487399691E-1
3.288602042E0,7.527456924E-1,5.744977087E-1,3.993677527E-1
3.298592042E0,5.025323711E-1,7.074373725E-1,6.879828089E-1
3.308581042E0,7.082666539E-1,6.361218068E-1,6.496876395E-1
3.318571042E0,1.021216433E0,4.247312200E-1,4.557021672E-1
3.328561042E0,1.355159032E0,2.421241370E-1,3.926364380E-1
3.338550042E0,1.396017621E0,3.748202643E-1,5.223060465E-1
3.348540042E0,9.149741326E-1,6.310423306E-1,7.974233902E-1
3.358530042E0,6.775909911E-1,7.714675999E-1,1.134853342E0
3.368519042E0,3.842086268E-1,8.024142811E-1,1.320384910E0
3.378509042E0,1.136255796E-1,7.504167464E-1,1.403969688E0
3.388499042E0,7.846232504E-2,4.533717594E-1,1.287903042E0
3.398489042E0,-5.777034447E-2,7.487154990E-2,1.102176177E0
3.408478042E0,-4.963657513E-2,-3.539959905E-1,1.168799352E0
3.418468042E0,6.340559855E-2,-7.534763020E-1,1.315754499E0
3.428458042E0,2.368787460E-1,-9.581718269E-1,1.484978768E0
3.438447292E0,2.606188801E-1,-1.089648225E0,1.725146134E0
3.448437292E0,2.174024016E-2,-1.206864434E0,1.946360920E0
3.458427292E0,-1.246717009E-1,-1.520274608E0,2.186386199E0
3.468416292E0,-2.074717829E-1,-1.901498158E0,2.148200957E0
3.478406292E0,-3.573596013E-1,-1.902578431E0,1.914174337E0
3.488396292E0,-7.338673720E-1,-1.792793449E0,1.593374451E0
3.498386292E0,-7.893179798E-1,-1.826573398E0,1.384394964E0
3.508375292E0,-8.214089611E-1,-1.536726334E0,1.042521129E0
3.518365292E0,-7.981121922E-1,-1.200552072E0,9.978478163E-1
3.528355292E0,-2.638725632E-1,-1.115136530E0,1.200890041E0
3.538344292E0,1.191557300E-1,-8.054826075E-1,1.275437948E0
3.548334292E0,2.443922719E-1,-3.823789600E-1,1.387591637E0
3.558324292E0,4.032008949E-1,-2.971379578E-1,1.587138396E0
3.568314292E0,5.080838639E-1,-4.383303818E-1,1.444086850E0
3.578303292E0,5.353707728E-1,-7.125063238E-1,1.084116467E0
3.588293292E0,4.114565787E-1,-9.140136543E-1,8.344514680E-1
3.598283292E0,7.536680907E-2,-9.137128150E-1,8.446741551E-1
3.608272292E0,-2.541778797E-1,-8.989091268E-1,9.415841532E-1
3.618262292E0,-3.696165347E-1,-9.371057707E-1,1.067104577E0
3.628252292E0,-9.236466497E-2,-8.577935529E-1,1.261373640E0
3.638241292E0,2.959807938E-1,-7.879909542E-1,1.233241516E0
3.648231292E0,2.441841111E-1,-5.905372059E-1,1.103307028E0
3.658221292E0,-1.544103473E-1,-3.187285092E-1,1.031148879E0
3.668211292E0,-4.746918771E-1,-1.223857319E-1,1.033159152E0
3.678200292E0,-4.751830432E-1,-1.031407911E-1,9.944347966E-1
3.688190292E0,-5.039463741E-1,-6.562037766E-2,7.294185179E-1
3.698180292E0,-4.138524753E-1,-2.145635784E-2,4.938523257E-1
3.708169292E0,-2.114856040E-1,-2.035561949E-2,4.414951873E-1
3.718159292E0,1.294836670E-2,-1.350259504E-1,2.617219573E-1
3.728149292E0,2.146053860E-1,-1.089619866E-1,1.707714415E-1
3.738138292E0,2.607571667E-1,1.795036733E-2,1.156573409E-1
3.748128292E0,2.626072258E-2,1.327610314E-1,-1.024087197E-1
3.758118292E0,-1.926283336E-1,8.247088373E-2,-3.820412832E-1
3.768108292E0,-5.678830460E-1,-3.431730866E-3,-6.308549273E-1
3.778097292E0,-8.071554959E-1,1.101577422E-1,-8.439268810E-1
3.788087292E0,-6.087837347E-1,1.998636782E-2,-1.022796716E0
3.798077292E0,-1.759693238E-1,-1.947301152E-1,-1.078403737E0
3.808066292E0,1.107024103E-1,-2.041157734E-1,-1.052389475E0
3.818056292E0,1.482270630E-1,-4.687128067E-2,-1.068833014E0
3.828046292E0,9.402615130E-3,1.430313733E-1,-1.038996427E0
3.838036292E0,-2.095699100E-1,2.231584007E-1,-9.059032738E-1
3.848025292E0,-3.149719656E-1,1.610367045E-1,-8.462903255E-1
3.858015292E0,-3.090139452E-1,-6.143669486E-3,-8.991310287E-1
3.868005292E0,-2.704971662E-1,-1.333404905E-1,-9.791840887E-1
3.877994292E0,-2.012265180E-1,-2.306472221E-1,-1.107667297E0
3.887984292E0,-1.175882377E-1,-3.702635291E-1,-1.252116328E0
3.897974292E0,-3.084945662E-1,-3.758619457E-1,-1.314348244E0
3.907963292E0,-6.301830822E-1,-2.487440622E-1,-1.244889754E0
3.917953292E0,-8.886343995E-1,5.860430360E-2,-9.679784846E-1
3.927943292E0,-7.783142509E-1,2.388628525E-1,-7.449235797E-1
3.937933292E0,-5.283916824E-1,1.329905346E-1,-9.967263204E-1
3.947922292E0,-2.988754579E-1,-7.356586665E-2,-1.420906148E0
3.957912292E0,-3.152098741E-1,-6.872875750E-2,-1.519565048E0
3.967902292E0,-6.733358261E-1,1.524190781E-1,-1.264574990E0
3.977891292E0,-1.029684809E0,4.500765610E-1,-1.020289430E0
3.987881292E0,-1.185576768E0,6.748256966E-1,-8.551365781E-1
3.997871292E0,-9.907232764E-1,6.980800733E-1,-6.387141699E-1
4.007860292E0,-7.573659430E-1,6.348476985E-1,-6.311969894E-1
4.017850292E0,-8.464695427E-1,5.481633112E-1,-8.548869020E-1
4.027840292E0,-8.688415745E-1,3.270306784E-1,-9.928835303E-1
4.037830292E0,-9.109937136E-1,2.054813907E-1,-9.521489024E-1
4.047819292E0,-1.184084339E0,1.534704074E-1,-9.146091932E-1
4.057809292E0,-1.441492586E0,1.082468721E-1,-9.082626253E-1
4.067799292E0,-1.877499431E0,2.563390106E-1,-8.561785519E-1
4.077788292E0,-2.224943616E0,2.300663012E-1,-7.770066673E-1
4.087778292E0,-2.046962558E0,1.683375379E-1,-6.604968023E-1
4.097768292E0,-1.713152910E0,3.324042696E-1,-5.252793556E-1
4.107758292E0,-1.289460448E0,3.909080011E-1,-4.820526445E-1
4.117747292E0,-9.177286828E-1,2.118788293E-1,-6.219215512E-1
4.127737292E0,-6.964850990E-1,7.944875032E-2,-8.334159261E-1
4.137727292E0,-5.266595909E-1,7.003093243E-2,-7.596573937E-1
4.147716292E0,-6.850387359E-1,1.565463352E-1,-4.705657893E-1
4.157706292E0,-7.824160726E-1,1.622079018E-1,-2.815902114E-2
4.167696292E0,-8.531073019E-1,1.532718945E-1,1.241673785E-1
4.177686292E0,-8.906248648E-1,5.463404417E-2,2.092309177E-2
4.187675292E0,-1.003135088E0,-1.992131755E-1,-1.906285858E-1
4.197665292E0,-1.361820034E0,-3.841822413E-1,-3.193491912E-1
4.207655292E0,-1.672358348E0,-3.913927352E-1,-2.397756028E-1
4.217644292E0,-1.744082342E0,-3.808390957E-1,-1.311875457E-1
4.227634292E0,-1.417881968E0,-3.571336064E-1,6.803527772E-2
4.237624292E0,-8.658609563E-1,-3.191743594E-1,3.547342014E-1
4.247613292E0,-5.771396269E-1,-2.687111342E-1,4.197406214E-1
4.257603292E0,-4.108395512E-1,-1.615343025E-1,2.473705512E-1
4.267593292E0,-6.251623705E-1,1.755094403E-1,1.254432410E-1
4.277583292E0,-1.075207064E0,5.654924119E-1,4.470079422E-2
4.287572292E0,-1.101377740E0,1.001668095E0,-6.691845953E-2
4.297562292E0,-9.742218491E-1,1.579290555E0,-9.494884193E-2
4.307552292E0,-6.299997720E-1,1.897163032E0,6.324582338E-2
4.317541292E0,-4.275286742E-1,2.039110332E0,8.961208820E-2
4.327531292E0,-7.934233099E-2,1.862389348E0,-3.058327675E-2
4.337521292E0,-1.088383180E-1,1.605126185E0,-2.961667353E-1
4.347511292E0,-5.502775182E-1,1.054947047E0,-4.861269844E-1
4.357500292E0,-5.745210975E-1,3.915731218E-1,-7.662665015E-1
4.367490292E0,-5.367840448E-1,-2.444077671E-2,-9.870842618E-1
4.377480292E0,-3.402983031E-1,-2.918664005E-1,-8.329727072E-1
4.387469292E0,-2.558539841E-1,-1.991602582E-1,-4.223736227E-1
4.397459292E0,-3.123722935E-1,3.318616480E-2,-5.044977665E-2
4.407449292E0,-4.422567871E-1,-8.136488289E-2,-9.574757159E-2
4.417438292E0,-5.303632173E-1,-5.407867563E-1,-5.095708108E-1
4.427428292E0,-6.402151501E-1,-6.756060076E-1,-7.831941909E-1
4.437418667E0,-5.956049877E-1,-3.499137568E-1,-4.275063086E-1
4.447408667E0,-2.696955130E-1,6.043974459E-3,-7.101092577E-2
4.457397667E0,-2.372107217E-1,1.726250088E-1,-7.194531083E-2
4.467387667E0,-3.396635878E-1,2.833417448E-1,-1.902736598E-1
4.477377667E0,-6.636791494E-1,5.797499701E-1,-2.378050911E-1
4.487366667E0,-1.075789154E0,7.467505422E-1,-1.902520251E-1
4.497356667E0,-1.128534840E0,7.582508460E-1,-1.492969573E-1
4.507346667E0,-8.998511133E-1,8.161876899E-1,1.880990803E-2
4.517336667E0,-4.952667671E-1,8.951025894E-1,-2.584469318E-3
4.527325667E0,-2.864135796E-1,9.374332148E-1,-3.050843239E-2
4.537315667E0,-3.803096303E-1,1.005905280E0,-8.720771313E-2
4.547305667E0,-5.163035873E-1,9.221015230E-1,-3.380556035E-1
4.557294667E0,-4.123137805E-1,6.798461160E-1,-5.906629211E-1
4.567284667E0,-2.397753105E-1,6.364051044E-1,-7.209511650E-1
4.577274667E0,-5.594615936E-3,6.208944878E-1,-7.551386654E-1
4.587263667E0,1.293205297E-1,6.007215938E-1,-7.341325432E-1
4.597253667E0,7.662191391E-3,6.856398296E-1,-5.842409241E-1
4.607243667E0,-3.237267092E-1,7.205371821E-1,-2.921836120E-1
4.617233667E0,-4.405298120E-1,9.002288434E-1,2.244418645E-1
4.627222667E0,-3.817626634E-1,1.090994546E0,4.822830248E-1
4.637212667E0,-2.856689367E-1,8.643228462E-1,2.772872454E-1
4.647202667E0,-2.673630586E-1,6.675333416E-1,-1.756293082E-1
4.657191667E0,-2.964231357E-1,4.358470693E-1,-6.196773899E-1
4.667181667E0,-5.191687229E-1,4.241520533E-1,-6.371324980E-1
4.677171667E0,-5.809077188E-1,6.182810748E-1,-4.973957384E-1
4.687161667E0,-4.463771738E-1,8.128927839E-1,-4.459367323E-1
4.697150667E0,-1.785548164E-1,7.965539092E-1,-4.842944670E-1
4.707140667E0,1.857851909E-1,6.808302024E-1,-6.765684593E-1
4.717130667E0,5.883320747E-1,4.196160758E-1,-1.286114379E0
4.727119667E0,5.960505456E-1,2.868474430E-1,-1.721357723E0
4.737109667E0,4.263254634E-1,2.842857778E-1,-1.491106650E0
4.747099667E0,3.559096380E-1,4.638028997E-1,-1.133212028E0
4.757089667E0,3.462146620E-1,7.251462498E-1,-8.823290545E-1
4.767078667E0,2.330841954E-1,8.621655160E-1,-7.536780310E-1
4.777068667E0,-1.342529485E-1,9.535896564E-1,-7.423870575E-1
4.787058667E0,-5.027938879E-1,1.022541777E0,-5.053327489E-1
4.797047667E0,-5.178542688E-1,8.011673623E-1,-3.094469315E-1
4.807037667E0,2.089922051E-1,5.391454428E-2,-6.658212769E-1
4.817027667E0,1.005353595E0,-4.343004808E-1,-9.338003397E-1
4.827016667E0,1.188305663E0,-3.327752754E-1,-5.120529538E-1
4.837006667E0,1.109393103E0,-3.154450053E-1,5.296940035E-1
4.846996667E0,1.075836955E0,-2.605171385E-1,1.813359568E0
4.856986667E0,8.397908530E-1,-6.902608842E-2,2.698264321E0
4.866975667E0,3.876191615E-1,-2.593687454E-1,3.307371114E0
4.876965667E0,-9.788165912E-2,-8.021283522E-1,3.751587011E0
4.886955667E0,-6.804306914E-1,-1.293201204E0,3.845835941E0
4.896944667E0,-6.963443273E-1,-1.927843080E0,3.525022607E0
4.906934667E0,1.077715209E-1,-2.857219417E0,2.632718788E0
4.916924667E0,8.345157874E-1,-3.527495980E0,1.903647594E0
4.926914667E0,6.656476877E-1,-3.403906306E0,1.935875108E0
4.936903667E0,-1.421535235E-1,-2.799263277E0,2.540997609E0
4.946893667E0,-9.151958151E-1,-2.154508056E0,3.183836989E0
4.956883667E0,-1.607686974E0,-1.780845541E0,3.341779640E0
4.966872667E0,-1.719140020E0,-1.634159365E0,2.757781960E0
4.976862667E0,-1.198614816E0,-1.371799184E0,2.499917995E0
4.986852667E0,-4.149068014E-1,-1.041389692E0,2.655670279E0
4.996842667E0,3.850909717E-1,-8.718438274E-1,2.627819406E0
5.006831667E0,1.237028173E0,-8.048552012E-1,2.348346471E0
5.016821667E0,1.875659458E0,-1.061953473E0,1.524814678E0
5.026811667E0,2.096694881E0,-1.232666734E0,1.063887439E0
5.036800667E0,1.802925943E0,-9.569111672E-1,1.201656611E0
5.046790667E0,1.351591061E0,-5.420763597E-1,2.161518576E0
5.056780667E0,9.396512099E-1,-1.155386424E-1,2.909362839E0
5.066770667E0,4.972856645E-1,-1.454427651E-1,2.651412921E0
5.076759667E0,4.794278294E-2,-6.461524129E-1,1.604338565E0
5.086749667E0,2.758131623E-3,-1.370587349E0,-2.186852807E-1
5.096739667E0,1.658962085E0,-2.560808560E0,-2.936603263E0
5.106728667E0,1.959151850E0,-2.649882120E0,-2.952131129E0
5.116718667E0,6.212804040E-1,-1.454246387E0,-1.250269192E0
5.126708667E0,-9.220646855E-1,-5.836056241E-1,5.842888713E-1
5.136697667E0,-1.152596279E0,-4.748689015E-1,1.938860112E0
5.146687667E0,-7.038160457E-1,-6.834857154E-1,2.498532205E0
5.156677667E0,-3.798488697E-1,-9.157442839E-1,1.967967551E0
5.166667667E0,-9.704623818E-2,-9.178035271E-1,1.020288845E0
5.176656667E0,2.286851889E-1,-8.323757064E-1,3.097281826E-1
5.186646667E0,5.317984164E-1,-9.708841123E-1,8.380171001E-2
5.196636667E0,6.547919664E-1,-1.213120223E0,2.488633454E-2
5.206625667E0,5.996995005E-1,-1.394815433E0,-2.011904114E-1
5.216615667E0,3.761344260E-1,-1.386742913E0,-5.244829649E-1
5.226605667E0,1.406673440E-1,-1.159486199E0,-9.019733602E-1
5.236595667E0,-3.956810832E-2,-9.162828125E-1,-1.128844158E0
5.246584667E0,-2.312521166E-1,-7.702709672E-1,-7.605660510E-1
5.256574667E0,-7.455901623E-2,-6.922400205E-1,-1.340854257E-1
5.266564667E0,6.263274282E-1,-7.532239947E-1,9.955878675E-2
5.276553667E0,1.201607787E0,-7.511409241E-1,-1.586215121E-1
5.286543667E0,1.260078920E0,-5.764480475E-1,-6.448297727E-1
5.296533667E0,9.735236916E-1,-3.732328914E-1,-1.093508264E0
5.306523667E0,6.370056134E-1,-1.774824370E-1,-1.140839721E0
5.316512667E0,3.564072360E-1,-8.870079964E-2,-9.535569119E-1
5.326502667E0,1.925444260E-1,-1.398095575E-1,-7.505491859E-1
5.336492667E0,8.020172551E-2,-1.906812108E-1,-7.694871479E-1
5.346481667E0,-3.890634969E-2,-2.475341271E-1,-8.916308051E-1
5.356471667E0,-5.869902849E-2,-3.075759687E-1,-9.116288674E-1
5.366461667E0,1.145308748E-2,-2.044720151E-1,-9.999574918E-1
5.376451667E0,3.243963616E-1,1.734234461E-1,-9.887045252E-1
5.386440667E0,7.910491942E-1,6.936510998E-1,-5.238736850E-1
5.396430667E0,1.330759040E0,7.606156062E-1,-7.167107642E-2
5.406420667E0,1.753139971E0,6.673564634E-1,1.063965207E-1
5.416409667E0,1.604625956E0,7.970304573E-1,2.678375602E-2
5.426399667E0,9.744629006E-1,8.203771468E-1,-1.562604064E-1
5.436388792E0,2.684765147E-1,7.350878321E-1,-5.205068582E-1
5.446377792E0,-5.435660841E-1,6.253062120E-1,-1.033797083E0
5.456367792E0,-1.004563709E0,4.727645617E-1,-1.539613981E0
5.466357792E0,-9.964955746E-1,3.999235305E-1,-1.543034018E0
5.476347792E0,-6.428264435E-1,3.579916122E-1,-1.133888551E0
5.486336792E0,-1.874006304E-1,2.859527459E-1,-7.373040730E-1
5.496326792E0,1.277709445E-1,1.132446335E-1,-5.635376877E-1
5.506316792E0,5.802257873E-2,8.814056329E-2,-6.597629768E-1
5.516305792E0,-4.207445884E-1,2.987985671E-1,-7.772271073E-1
5.526295792E0,-9.516747663E-1,4.264374375E-1,-7.420005566E-1
5.536285792E0,-1.242412435E0,4.456350160E-1,-5.612286222E-1
5.546275792E0,-1.046792812E0,2.997580951E-1,-4.337733543E-1
5.556264792E0,-5.983771527E-1,4.413332194E-2,-4.836559510E-1
5.566254792E0,-3.056700322E-1,-3.628182694E-2,-5.340139264E-1
5.576244792E0,-4.576525059E-1,1.196433878E-1,-3.159092742E-1
5.586233792E0,-8.426703143E-1,2.327802864E-1,-7.127229631E-2
5.596223792E0,-8.560037933E-1,4.063350025E-1,2.589685035E-1
5.606213792E0,-4.574732888E-1,6.361036804E-1,6.790833467E-1
5.616203792E0,-1.745536398E-1,5.429690833E-1,4.820134681E-1
5.626192792E0,-2.982435384E-1,2.722932847E-1,-1.323102111E-1
5.636182792E0,-6.402836356E-1,2.465246053E-1,-4.308257729E-1
5.646172792E0,-1.045767210E0,2.929123212E-1,-5.184650105E-1
5.656161792E0,-1.275296445E0,5.075587839E-2,-6.986814594E-1
5.666151792E0,-1.043725143E0,-1.346873966E-1,-6.399368227E-1
5.676141792E0,-5.812987879E-1,8.419990540E-3,-4.027123600E-1
5.686131792E0,-2.577101827E-1,2.122334629E-1,-3.516340077E-2
5.696120792E0,-1.811886216E-1,3.975263183E-1,3.834767747E-1
5.706110792E0,-2.432486662E-1,3.737487620E-1,5.930982864E-1
5.716100792E0,-3.918722435E-1,1.638847370E-1,6.449110490E-1
5.726089792E0,-5.176144599E-1,-1.284675671E-1,5.759220904E-1
5.736079792E0,-3.553831693E-1,-4.190094271E-1,5.131697720E-1
5.746069792E0,-4.822812706E-2,-7.729560086E-1,2.970742232E-1
5.756059792E0,-1.007793930E-1,-9.088110942E-1,2.677966297E-2
5.766048792E0,-7.931344575E-1,-7.794573815E-1,-2.043291968E-1
5.776038792E0,-1.487804727E0,-6.404338360E-1,-5.809816861E-1
5.786028792E0,-1.745790460E0,-4.084008238E-1,-5.645878476E-1
5.796017792E0,-1.719697698E0,-1.905825390E-1,-2.514910841E-1
5.806007792E0,-1.560358733E0,-5.378882915E-2,4.948264718E-2
5.815997792E0,-1.373256603E0,-8.612773240E-2,1.024519891E-1
5.825986792E0,-1.360759057E0,-3.620201245E-1,-8.928172052E-2
5.835976792E0,-1.432251208E0,-5.871715486E-1,-2.085695976E-1
5.845966792E0,-1.342635319E0,-7.470107433E-1,-1.509429485E-1
5.855956792E0,-1.135130134E0,-8.853441712E-1,2.861054313E-1
5.865945792E0,-9.685232989E-1,-8.735583772E-1,6.284131300E-1
5.875935792E0,-7.687677211E-1,-7.237902805E-1,7.603432721E-1
5.885925792E0,-6.068248444E-1,-6.014579044E-1,6.780349410E-1
5.895914792E0,-5.089875510E-1,-4.662156071E-1,2.529113728E-1
5.905904792E0,-4.148730337E-1,-5.185036021E-1,-2.417081076E-1
5.915894792E0,-4.948492029E-1,-6.737087323E-1,-9.308626986E-1
5.925884792E0,-1.051854089E0,-8.043792379E-1,-3.018238580E0
5.935873792E0,-1.212076057E0,-9.210874696E-1,-2.209785002E0
5.945863792E0,-7.508253937E-1,-1.307310535E0,-1.262319134E0
5.955853792E0,-1.325446113E-1,-1.322201055E0,-5.551709068E-1
5.965842792E0,1.845540597E-1,-8.994210505E-1,-1.646926761E-2
5.975832792E0,1.832407019E-1,-3.106273381E-1,6.515166485E-1
5.985822792E0,6.164777935E-2,2.354903246E-1,2.422167569E0
5.995812792E0,1.293635067E-1,7.258504008E-1,3.490253894E0
6.005801792E0,-2.198253416E-2,1.214750281E-1,3.339001043E0
6.015791792E0,-1.634742625E0,-2.281997238E0,2.263812690E0
6.025781792E0,-2.667186662E0,-1.765957945E0,-1.128534840E0