"Time (s)","X (rad/s)","Y (rad/s)","Z (rad/s)"
3.196245834E-2,4.480790496E-1,6.075844765E-1,-3.402996659E-1
4.195145832E-2,4.715885520E-1,6.828613877E-1,-3.214543462E-1
5.194145831E-2,5.590893626E-1,6.170432568E-1,-2.910865843E-1
6.193145833E-2,6.440896988E-1,5.191164613E-1,-2.585870326E-1
7.192045831E-2,6.719242334E-1,4.445101619E-1,-2.265846431E-1
8.191045834E-2,6.230679154E-1,3.200167716E-1,-2.095164359E-1
9.190045833E-2,5.376778841E-1,2.008948922E-1,-1.872875690E-1
1.018894583E-1,4.487698078E-1,1.103577018E-1,-1.637369245E-1
1.118794583E-1,3.883472085E-1,7.463272661E-2,-1.340205818E-1
1.218694583E-1,3.706814051E-1,6.413348019E-2,-1.180341244E-1
1.318584583E-1,3.960070014E-1,1.157154441E-1,-1.281056702E-1
1.418484583E-1,4.192766249E-1,2.291109860E-1,-1.212892756E-1
1.518384583E-1,4.286395013E-1,3.654627204E-1,-9.756237268E-2
1.618274583E-1,4.220070839E-1,4.932466447E-1,-9.627205878E-2
1.718174583E-1,3.942178190E-1,5.539643764E-1,-9.675356001E-2
1.818074583E-1,3.553978503E-1,5.800899863E-1,-1.109186858E-1
1.917964583E-1,3.484403491E-1,5.953078270E-1,-1.553799063E-1
2.017864583E-1,3.839543760E-1,6.295582652E-1,-2.043011338E-1
2.117764583E-1,4.587529898E-1,6.735315919E-1,-2.678678632E-1
2.217654583E-1,5.561171770E-1,7.350630164E-1,-3.462979198E-1
2.317554583E-1,6.714245677E-1,8.250624537E-1,-4.077458382E-1
2.417454583E-1,7.851609588E-1,9.345782995E-1,-4.728261828E-1
2.517354583E-1,8.944848180E-1,1.048765302E0,-5.382504463E-1
2.617244583E-1,9.690982103E-1,1.172740698E0,-5.844049454E-1
2.717144583E-1,9.998446703E-1,1.319394350E0,-6.090058684E-1
2.817044583E-1,9.878084660E-1,1.467216372E0,-6.004033685E-1
2.916934583E-1,9.337244630E-1,1.520121336E0,-5.862779617E-1
3.016834583E-1,8.584238887E-1,1.453914046E0,-5.625512004E-1
3.116734583E-1,8.076464534E-1,1.304909348E0,-5.094525814E-1
3.216624583E-1,7.957676649E-1,1.118442416E0,-4.541769624E-1
3.316524583E-1,8.614337444E-1,9.364061356E-1,-4.706488550E-1
3.416424583E-1,1.274372101E0,9.925017953E-1,-5.634545684E-1
3.516314583E-1,1.777943850E0,8.259292841E-1,-7.287524343E-1
3.616214583E-1,2.135410309E0,6.705406308E-1,-8.311381936E-1
3.716114583E-1,2.336747169E0,8.161151409E-1,-6.786227226E-1
3.816004583E-1,2.385510206E0,1.014022350E0,-4.340073168E-1
3.915904583E-1,2.298979521E0,8.935712576E-1,-3.231111765E-1
4.015804583E-1,2.112459898E0,5.647503734E-1,-3.738961816E-1
4.115704583E-1,1.881018519E0,3.234120905E-1,-4.730565846E-1
4.215594583E-1,1.669134021E0,2.072834820E-1,-5.717082024E-1
4.315494167E-1,1.512432814E0,1.868264079E-1,-6.484959126E-1
4.415394166E-1,1.401546359E0,2.064721137E-1,-6.713538766E-1
4.515284167E-1,1.346459866E0,1.982623935E-1,-6.470386982E-1
4.615184166E-1,1.338988662E0,1.425914317E-1,-5.891787410E-1
4.715084167E-1,1.377005458E0,1.297190487E-1,-5.020483732E-1
4.814974167E-1,1.415361047E0,2.039152831E-1,-3.681134880E-1
4.914874166E-1,1.446346641E0,2.661576271E-1,-2.054827511E-1
5.014774167E-1,1.457063913E0,2.188296169E-1,-8.034966886E-2
5.114664166E-1,1.426064730E0,-7.007773500E-3,-5.854927003E-3
5.214564167E-1,1.359420300E0,-2.512952983E-1,4.816192761E-2
5.314464167E-1,1.244542003E0,-4.057756662E-1,1.037447602E-1
5.414354166E-1,1.113233447E0,-5.490913391E-1,1.253167093E-1
5.514254167E-1,1.001033545E0,-6.847482324E-1,9.619478136E-2
5.614154167E-1,9.039273262E-1,-7.023179531E-1,6.289434433E-2
5.714054166E-1,8.309684396E-1,-6.232252717E-1,6.086501479E-2
5.813944167E-1,7.962596416E-1,-5.576825738E-1,6.206822395E-2
5.913844166E-1,7.949773073E-1,-5.658595562E-1,8.025361598E-2
6.013744167E-1,8.084995151E-1,-6.050630808E-1,1.726671010E-1
6.113634167E-1,8.132452369E-1,-6.453831196E-1,2.846647501E-1
6.213534166E-1,7.873218060E-1,-7.272890806E-1,3.689898551E-1
6.313434167E-1,7.088333964E-1,-8.769277930E-1,3.473996222E-1
6.413324166E-1,5.550789237E-1,-9.933897853E-1,2.098045498E-1
6.513224167E-1,3.783201277E-1,-1.006099820E0,1.162255928E-1
6.613124167E-1,2.586502433E-1,-9.435737729E-1,7.736405730E-2
6.713014166E-1,2.557961345E-1,-8.597590327E-1,4.286014289E-2
6.812914167E-1,3.188981414E-1,-7.820228338E-1,3.665269539E-2
6.912814167E-1,4.006252289E-1,-7.631452680E-1,5.170967430E-2
7.012704167E-1,4.358395040E-1,-7.954627872E-1,6.672541052E-2
7.112604167E-1,4.173339903E-1,-8.263466954E-1,6.994411349E-2
7.212504167E-1,3.735897541E-1,-8.092095256E-1,9.572777897E-2
7.312404166E-1,3.215175271E-1,-8.510941267E-1,1.553799063E-1
7.412294167E-1,2.544451356E-1,-9.557333589E-1,2.333126813E-1
7.512194166E-1,1.847512722E-1,-1.112282515E0,3.058617115E-1
7.612094167E-1,1.337973326E-1,-1.233231425E0,3.390756547E-1
7.711984167E-1,1.359331906E-1,-1.248041987E0,3.230466247E-1
7.811884166E-1,1.651533246E-1,-1.225428343E0,3.009709716E-1
7.911784167E-1,1.843057126E-1,-1.152303815E0,3.067875803E-1
8.011674166E-1,1.952114254E-1,-1.103597164E0,3.366867602E-1
8.111574167E-1,1.972215772E-1,-1.124401212E0,3.580032289E-1
8.211474167E-1,1.746883094E-1,-1.164328456E0,3.755625784E-1
8.311364166E-1,1.172090471E-1,-1.153377295E0,3.909654915E-1
8.411264167E-1,8.263248950E-3,-1.118667841E0,4.032706320E-1
8.511164167E-1,-1.076652184E-1,-1.171223998E0,3.954678178E-1
8.611064166E-1,-2.545663714E-1,-1.195325136E0,4.148567915E-1
8.710954167E-1,-3.160542250E-1,-1.249010444E0,4.807609916E-1
8.810854167E-1,-2.721508443E-1,-1.255241394E0,5.423252583E-1
8.910754166E-1,-2.045739144E-1,-1.183829308E0,5.560452938E-1
9.010644167E-1,-1.645683795E-1,-1.128416657E0,5.141176581E-1
9.110544166E-1,-1.715056449E-1,-1.075951576E0,4.428767562E-1
9.210444167E-1,-1.829838604E-1,-1.046707153E0,3.655208349E-1
9.310334167E-1,-1.677178293E-1,-1.031083822E0,3.163564801E-1
9.410234166E-1,-1.492054611E-1,-9.789668918E-1,2.954241037E-1
9.510134167E-1,-1.609734446E-1,-9.177208543E-1,3.092440665E-1
9.610024166E-1,-2.041834891E-1,-8.782006502E-1,3.441921771E-1
9.709924167E-1,-2.781879604E-1,-8.993589282E-1,3.916132450E-1
9.809824167E-1,-3.539151549E-1,-9.455827475E-1,4.321357608E-1
9.909714166E-1,-4.153873026E-1,-1.000627398E0,4.508215785E-1
1.000961417E0,-4.379581213E-1,-1.049364209E0,4.623296559E-1
1.010951417E0,-4.367807508E-1,-1.045492768E0,4.810849726E-1
1.020941417E0,-4.239394367E-1,-1.022182226E0,4.823572040E-1
1.030930417E0,-3.906083703E-1,-1.020980597E0,4.592446685E-1
1.040920417E0,-3.558062613E-1,-1.024814248E0,4.369404316E-1
1.050910417E0,-3.327914774E-1,-1.026878238E0,4.198043346E-1
1.060899417E0,-3.096030653E-1,-9.939319491E-1,4.173253775E-1
1.070889417E0,-3.012612462E-1,-9.499152303E-1,4.388256073E-1
1.080879417E0,-3.374049366E-1,-8.998218775E-1,5.009145141E-1
1.090868417E0,-4.135721326E-1,-8.731253147E-1,5.840964317E-1
1.100858417E0,-4.959150255E-1,-8.949266076E-1,6.521925330E-1
1.110848417E0,-5.384582281E-1,-9.566304088E-1,7.162237167E-1
1.120837417E0,-5.160457492E-1,-1.067667603E0,8.074403405E-1
1.130827417E0,-4.209336638E-1,-1.153212070E0,9.162773490E-1
1.140817417E0,-2.810608149E-1,-1.164819360E0,1.023437500E0
1.150807417E0,-1.372347027E-1,-1.104706764E0,1.113206983E0
1.160796417E0,-4.667510092E-2,-1.024249196E0,1.171018600E0
1.170786417E0,-4.445295781E-2,-9.051361084E-1,1.196121573E0
1.180776417E0,-1.364185661E-1,-8.002388477E-1,1.178358078E0
1.190765417E0,-2.380519807E-1,-7.636774182E-1,1.087692618E0
1.200755417E0,-3.346453011E-1,-8.059574962E-1,9.901754260E-1
1.210745417E0,-4.658158422E-1,-7.894059420E-1,9.149392247E-1
1.220734417E0,-5.736545324E-1,-7.364588976E-1,8.360390663E-1
1.230724417E0,-6.134045720E-1,-6.744163036E-1,7.570161819E-1
1.240714417E0,-5.448103547E-1,-6.143932343E-1,6.717625260E-1
1.250703417E0,-4.084346890E-1,-5.854393244E-1,5.953548551E-1
1.260693417E0,-3.029241860E-1,-6.263838410E-1,5.658020973E-1
1.270683417E0,-2.890001237E-1,-6.856269240E-1,6.051840782E-1
1.280673417E0,-3.416226506E-1,-7.459343076E-1,6.909754872E-1
1.290662417E0,-3.953247666E-1,-7.906962037E-1,7.848743200E-1
1.300652417E0,-4.297863245E-1,-8.575062156E-1,8.556415439E-1
1.310642417E0,-4.489573538E-1,-8.776927590E-1,8.841000795E-1
1.320631417E0,-4.430647194E-1,-8.191320300E-1,8.616259694E-1
1.330621417E0,-4.014427066E-1,-7.180184126E-1,8.225909472E-1
1.340611417E0,-3.304421008E-1,-5.935949683E-1,7.793878913E-1
1.350600417E0,-2.484366894E-1,-4.451900721E-1,7.392908335E-1
1.360590417E0,-1.818661392E-1,-3.391005695E-1,7.335909605E-1
1.370580417E0,-1.140279695E-1,-3.885538876E-1,8.249903917E-1
1.380570417E0,-8.002188057E-2,-4.688269496E-1,9.781850576E-1
1.390559417E0,-7.117246091E-2,-4.809778929E-1,1.100615859E0
1.400549417E0,-7.692214847E-2,-4.357765317E-1,1.156490088E0
1.410539417E0,-5.057735741E-2,-2.849310935E-1,1.151205063E0
1.420528417E0,-1.488981023E-2,-3.644263372E-2,1.117030144E0
1.430520083E0,-2.141641825E-2,2.432257533E-1,1.060490727E0
1.440510083E0,-8.745035529E-2,5.276702642E-1,9.637165070E-1
1.450499083E0,-1.818383783E-1,8.276535273E-1,7.880941033E-1
1.460489083E0,-2.467476875E-1,1.111526132E0,5.540512204E-1
1.470479083E0,-2.570274472E-1,1.322070837E0,3.419969678E-1
1.480468083E0,-2.294369340E-1,1.369868279E0,2.648359537E-1
1.490458083E0,-2.020567060E-1,1.248444438E0,3.189407289E-1
1.500448083E0,-1.548026502E-1,1.139455914E0,4.446246922E-1
1.510438083E0,-8.280061930E-2,1.168403387E0,5.616291165E-1
1.520427083E0,-3.645730019E-2,1.335299969E0,6.322262883E-1
1.530417083E0,-3.872231767E-2,1.517975569E0,5.858385563E-1
1.540407083E0,-1.058068573E-1,1.717131138E0,4.496042132E-1
1.550396083E0,-2.173826545E-1,1.922969341E0,2.837404013E-1
1.560386083E0,-3.262544870E-1,2.028771162E0,1.521300822E-1
1.570376083E0,-3.823792934E-1,2.092070580E0,4.620178789E-2
1.580365083E0,-3.676583767E-1,2.100066900E0,-2.258711122E-2
1.590355083E0,-3.152052760E-1,2.085813999E0,-3.866808116E-2
1.600345083E0,-2.291796654E-1,2.144173145E0,-3.708783910E-2
1.610334083E0,-1.436961889E-1,2.169806480E0,-1.392686088E-2
1.620324083E0,-9.623998404E-2,2.205538750E0,-1.572950929E-2
1.630314083E0,-1.447236240E-1,2.343436718E0,-8.316421509E-2
1.640304083E0,-2.922034562E-1,2.485239029E0,-1.851840168E-1
1.650293083E0,-4.522588849E-1,2.512161255E0,-2.754385471E-1
1.660283083E0,-5.191737413E-1,2.497373104E0,-3.581553698E-1
1.670273083E0,-5.243772864E-1,2.405919313E0,-4.072142839E-1
1.680262083E0,-5.121892691E-1,2.196185350E0,-3.990516663E-1
1.690252083E0,-4.803410470E-1,1.966552258E0,-3.698594272E-1
1.700242083E0,-4.257685840E-1,1.838922262E0,-3.606476784E-1
1.710231083E0,-3.727354407E-1,1.783769250E0,-3.793769181E-1
1.720221083E0,-3.325793445E-1,1.725220919E0,-4.012506604E-1
1.730211083E0,-3.110261261E-1,1.640852213E0,-4.183734357E-1
1.740200083E0,-3.110914230E-1,1.528689265E0,-4.201635122E-1
1.750190083E0,-3.396780491E-1,1.388150454E0,-4.030716121E-1
1.760180083E0,-3.690513968E-1,1.263490796E0,-4.129321873E-1
1.770170083E0,-3.585263193E-1,1.266080618E0,-4.876866043E-1
1.780159083E0,-3.103347123E-1,1.371444941E0,-5.838324428E-1
1.790149083E0,-2.558626831E-1,1.521853924E0,-6.453900337E-1
1.800139083E0,-2.034326196E-1,1.665565610E0,-6.772696376E-1
1.810128083E0,-1.378594786E-1,1.778916717E0,-6.527845860E-1
1.820118083E0,-7.038375735E-2,1.846606135E0,-5.820983648E-1
1.830108083E0,3.276152909E-2,1.899694204E0,-5.494283438E-1
1.840097083E0,1.355968416E-1,1.937152982E0,-6.017754674E-1
1.850087083E0,1.750779450E-1,1.931725979E0,-6.401404142E-1
1.860077083E0,2.229800820E-1,1.862308979E0,-6.620363593E-1
1.870067083E0,2.888299227E-1,1.786498904E0,-6.853302121E-1
1.880056083E0,3.628616929E-1,1.723637700E0,-6.952936053E-1
1.890046083E0,3.929554224E-1,1.652654886E0,-6.471633911E-1
1.900036083E0,4.364359081E-1,1.589721799E0,-5.856301785E-1
1.910025083E0,4.770278037E-1,1.456617594E0,-5.388030410E-1
1.920015083E0,4.805435240E-1,1.282572150E0,-4.564393163E-1
1.930005083E0,4.906025529E-1,1.117464900E0,-3.508372605E-1
1.939994083E0,4.918769300E-1,8.938865662E-1,-2.325095236E-1
1.949984083E0,4.836120605E-1,6.899062395E-1,-1.461083293E-1
1.959974083E0,5.143142343E-1,5.434942245E-1,-8.654280752E-2
1.969963083E0,5.655622482E-1,4.281542599E-1,-2.836366184E-2
1.979953083E0,6.411741376E-1,3.015361726E-1,2.614690550E-2
1.989943083E0,7.410687208E-1,1.474672407E-1,4.078336805E-2
1.999933083E0,8.278617263E-1,7.007084787E-4,4.861040413E-2
2.009922083E0,8.796455264E-1,-9.503966570E-2,5.838473886E-2
2.019912083E0,9.315140843E-1,-1.564914435E-1,7.593587041E-2
2.029902083E0,9.867454171E-1,-1.893809587E-1,1.106778756E-1
2.039891083E0,1.027785301E0,-2.131249607E-1,1.355847269E-1
2.049881083E0,1.048475385E0,-2.080532312E-1,1.008690819E-1
2.059871083E0,1.033928394E0,-1.704405844E-1,3.538427129E-2
2.069860083E0,9.761993289E-1,-1.326220930E-1,-3.983990848E-2
2.079850083E0,9.579733014E-1,-1.312518269E-1,-7.842226326E-2
2.089840083E0,9.547889829E-1,-1.540298462E-1,-3.530675173E-2
2.099830083E0,9.564810395E-1,-2.240741104E-1,2.628729306E-2
2.109819083E0,9.819509387E-1,-3.416542709E-1,1.007346213E-1
2.119809083E0,1.000909686E0,-4.312857091E-1,1.756608635E-1
2.129799083E0,9.976243973E-1,-4.681872725E-1,2.383080125E-1
2.139788083E0,9.733240008E-1,-5.160663724E-1,2.822797298E-1
2.149778083E0,9.778050780E-1,-6.061395407E-1,3.420405388E-1
2.159768083E0,9.597224593E-1,-6.863563061E-1,3.815647364E-1
2.169757083E0,9.159315228E-1,-7.457211018E-1,3.903273344E-1
2.179747083E0,8.305540681E-1,-8.008991480E-1,4.011120796E-1
2.189737083E0,7.346480489E-1,-8.237378597E-1,4.346492589E-1
2.199727083E0,6.618068218E-1,-8.367686868E-1,4.842191935E-1
2.209716083E0,6.379347444E-1,-9.136959910E-1,5.410347581E-1
2.219706083E0,6.721572876E-1,-9.995886683E-1,6.072220206E-1
2.229696083E0,7.019692659E-1,-1.016779304E0,6.273475289E-1
2.239685083E0,7.036462426E-1,-9.560718536E-1,5.780582428E-1
2.249675083E0,6.776916385E-1,-8.651206493E-1,4.976667166E-1
2.259665083E0,6.573157310E-1,-7.772769332E-1,4.216263890E-1
2.269654083E0,6.459048390E-1,-7.082866430E-1,3.577169180E-1
2.279644083E0,6.086173654E-1,-6.656060219E-1,3.597330451E-1
2.289634083E0,5.546976924E-1,-7.063081861E-1,4.038310051E-1
2.299624083E0,5.121241808E-1,-7.843787670E-1,4.692040682E-1
2.309613083E0,4.674105346E-1,-8.949241638E-1,5.311526656E-1
2.319603083E0,3.989607692E-1,-9.941591024E-1,5.516451597E-1
2.329593083E0,3.276067078E-1,-1.075096488E0,5.632885098E-1
2.339582083E0,2.788830698E-1,-1.110580802E0,5.907363296E-1
2.349572083E0,2.471422106E-1,-1.108725905E0,6.363003850E-1
2.359562083E0,2.349944562E-1,-1.118635654E0,6.717631221E-1
2.369551083E0,2.373465598E-1,-1.167637587E0,6.754209399E-1
2.379541083E0,2.138612717E-1,-1.240755796E0,6.666001678E-1
2.389531083E0,1.920230836E-1,-1.265709639E0,6.627369523E-1
2.399521083E0,1.690689176E-1,-1.261953473E0,6.781412363E-1
2.409510083E0,1.525804847E-1,-1.287650347E0,7.227571607E-1
2.419500083E0,1.371439248E-1,-1.297133207E0,7.701197267E-1
2.429490083E0,9.876192361E-2,-1.319871306E0,7.929158211E-1
2.439477042E0,1.750555076E-2,-1.337043643E0,8.045160770E-1
2.449467042E0,-6.617069989E-2,-1.334548473E0,8.268882632E-1
2.459457042E0,-1.294664592E-1,-1.300798535E0,8.214821219E-1
2.469446042E0,-1.657285988E-1,-1.288097620E0,8.001906872E-1
2.479436042E0,-1.853156686E-1,-1.316235542E0,7.850366831E-1
2.489426042E0,-2.016190141E-1,-1.361323357E0,7.470487952E-1
2.499416042E0,-2.015248686E-1,-1.395691872E0,7.091640830E-1
2.509405042E0,-2.237343043E-1,-1.447486162E0,6.983715892E-1
2.519395042E0,-2.683467865E-1,-1.470995903E0,7.417793274E-1
2.529385042E0,-2.948159277E-1,-1.460403204E0,8.084888458E-1
2.539374042E0,-3.101115227E-1,-1.440574169E0,8.409644961E-1
2.549364042E0,-3.228736818E-1,-1.405599475E0,8.104135394E-1
2.559354042E0,-3.332005441E-1,-1.436262369E0,7.669361830E-1
2.569343042E0,-3.231604397E-1,-1.530100226E0,7.365769148E-1
2.579333042E0,-3.174594641E-1,-1.637481689E0,7.025051713E-1
2.589323042E0,-3.262082040E-1,-1.765199661E0,7.502468824E-1
2.599312042E0,-3.552963436E-1,-1.792708039E0,8.422293663E-1
2.609302042E0,-4.007985592E-1,-1.706237674E0,8.906211257E-1
2.619292042E0,-4.182659686E-1,-1.530668497E0,8.603612185E-1
2.629282042E0,-4.058828056E-1,-1.287894130E0,7.459971309E-1
2.639271042E0,-4.152776003E-1,-1.066916943E0,5.805628896E-1
2.649261042E0,-4.464560151E-1,-9.157170057E-1,4.216547906E-1
2.659251042E0,-4.808706343E-1,-8.476139307E-1,3.145220578E-1
2.669240042E0,-5.104447603E-1,-9.585487247E-1,3.207317591E-1
2.679230042E0,-5.342018604E-1,-1.118376017E0,4.449562430E-1
2.689220042E0,-5.369917750E-1,-1.294583797E0,6.031516790E-1
2.699209042E0,-4.987286925E-1,-1.485112786E0,7.458796501E-1
2.709199042E0,-4.697950184E-1,-1.523101211E0,7.939912081E-1
2.719189042E0,-4.679741263E-1,-1.475459099E0,7.355980873E-1
2.729179042E0,-4.741241634E-1,-1.394543052E0,6.290428638E-1
2.739168042E0,-4.747986197E-1,-1.299330711E0,4.551334381E-1
2.749158042E0,-4.842539132E-1,-1.246688008E0,3.499100804E-1
2.759148042E0,-5.151785612E-1,-1.174447656E0,3.330722451E-1
2.769137042E0,-5.267374516E-1,-1.142325401E0,3.292682171E-1
2.779127042E0,-5.246580243E-1,-1.172595024E0,3.657984734E-1
2.789117042E0,-5.315276384E-1,-1.234912157E0,4.365234971E-1
2.799106042E0,-5.278315544E-1,-1.384901166E0,5.198659301E-1
2.809096042E0,-5.105995536E-1,-1.724505901E0,7.323598266E-1
2.819086042E0,-4.501776993E-1,-2.043505907E0,1.033709288E0
2.829076042E0,-3.712903261E-1,-2.235755920E0,1.222032905E0
2.839065042E0,-3.344911933E-1,-2.159363270E0,1.245394945E0
2.849055042E0,-3.637976944E-1,-1.866690755E0,1.154281855E0
2.859045042E0,-4.185870588E-1,-1.604903102E0,9.805437326E-1
2.869034042E0,-4.760455489E-1,-1.489232898E0,8.555879593E-1
2.879024042E0,-4.880538285E-1,-1.460059643E0,8.391782641E-1
2.889014042E0,-4.401936233E-1,-1.475078344E0,8.801182508E-1
2.899004042E0,-3.654862344E-1,-1.430735111E0,8.995122313E-1
2.908993042E0,-3.153066933E-1,-1.273640275E0,8.712025285E-1
2.918983042E0,-2.850236893E-1,-1.048238158E0,7.859607935E-1
2.928973042E0,-2.516665459E-1,-8.201683760E-1,6.759962440E-1
2.938962042E0,-1.974115670E-1,-6.134083271E-1,5.983643532E-1
2.948952042E0,-1.513330191E-1,-3.775811195E-1,5.143365860E-1
2.958942042E0,-1.156470031E-1,-1.983488947E-1,4.589973986E-1
2.968931042E0,-6.519342214E-2,-5.504332483E-3,4.348899424E-1
2.978921042E0,-1.913508214E-2,2.114230692E-1,4.008454680E-1
2.988911042E0,-1.558215916E-2,3.871237636E-1,3.373583555E-1
2.998900042E0,-5.139929429E-2,3.962813318E-1,3.470375240E-1
3.008890042E0,-7.065394521E-2,3.717216551E-1,4.137680829E-1
3.018880042E0,-6.842481345E-2,3.312294483E-1,4.620178342E-1
3.028870042E0,-8.964354545E-2,3.313271701E-1,4.552864134E-1
3.038859042E0,-1.492241919E-1,4.192668200E-1,3.735996485E-1
3.048849042E0,-1.829089224E-1,5.712997913E-1,2.457290292E-1
3.058839042E0,-1.712398678E-1,7.393950820E-1,1.313975751E-1
3.068828042E0,-1.234667599E-1,9.326817393E-1,2.370360494E-2
3.078818042E0,-9.320101142E-2,1.121659994E0,-9.598012269E-2
3.088808042E0,-1.045037359E-1,1.243214369E0,-1.863896549E-1
3.098798042E0,-1.416378468E-1,1.304363489E0,-2.389819026E-1
3.108787042E0,-1.639873683E-1,1.290269256E0,-2.354739904E-1
3.118777042E0,-1.791126430E-1,1.171736121E0,-1.570600122E-1
3.128767042E0,-1.967129409E-1,9.648787975E-1,8.491933346E-3
3.138756042E0,-2.213994563E-1,7.530404925E-1,1.788703501E-1
3.148746042E0,-2.330364138E-1,5.944820046E-1,3.142148554E-1
3.158736042E0,-2.148172408E-1,5.208850503E-1,3.738574386E-1
3.168725042E0,-1.833850145E-1,5.685535073E-1,3.184194565E-1
3.178715042E0,-1.503702849E-1,7.141669989E-1,1.910539418E-1
3.188705042E0,-1.651726663E-1,8.722231984E-1,3.968172893E-2
3.198695042E0,-2.180840820E-1,1.032030344E0,-1.113237664E-1
3.208684042E0,-2.799386680E-1,1.203490019E0,-2.414125204E-1
3.218674042E0,-3.169517517E-1,1.413625836E0,-3.546351492E-1
3.228664042E0,-3.069776893E-1,1.477404475E0,-3.870692551E-1
3.238653042E0,-2.748330235E-1,1.384855866E0,-2.945622206E-1
3.248643042E0,-2.361679077E-1,1.203466892E0,-1.304790080E-1
3.258633042E0,-2.147572637E-1,9.719465971E-1,4.075977579E-2
3.268622042E0,-2.224114537E-1,8.803067207E-1,9.740920365E-2
3.278612042E0,-2.494425178E-1,9.476230145E-1,2.933507226E-2
3.288602042E0,-2.511903644E-1,1.154586554E0,-7.832161337E-2
3.298592042E0,-2.411029786E-1,1.467620611E0,-2.037978023E-1
3.308581042E0,-2.572880685E-1,1.682363868E0,-3.220978081E-1
3.318571042E0,-2.911090851E-1,1.792804241E0,-4.337636828E-1
3.328561042E0,-3.391570449E-1,1.845144749E0,-5.337379575E-1
3.338550042E0,-3.623411655E-1,1.772930741E0,-5.588319898E-1
3.348540042E0,-3.134953082E-1,1.774041057E0,-5.609865189E-1
3.358530042E0,-2.319262177E-1,1.815892220E0,-5.560815930E-1
3.368519042E0,-1.190585122E-1,1.824851394E0,-5.178990960E-1
3.378509042E0,-3.502139077E-2,1.847052932E0,-5.128536820E-1
3.388499042E0,-3.220509738E-2,1.839670062E0,-5.124683380E-1
3.398489042E0,-7.571937144E-2,1.866380811E0,-5.292195678E-1
3.408478042E0,-1.098642945E-1,1.851114273E0,-5.436354876E-1
3.418468042E0,-1.066022292E-1,1.861511350E0,-6.023451090E-1
3.428458042E0,-9.401906282E-2,1.969136000E0,-7.334293723E-1
3.438447292E0,-8.988862485E-2,2.110794306E0,-8.555770516E-1
3.448437292E0,-5.048556253E-2,2.175907850E0,-9.433521628E-1
3.458427292E0,4.629855976E-4,2.218015909E0,-1.001376867E0
3.468416292E0,2.016238868E-2,2.217096567E0,-1.006158590E0
3.478406292E0,2.381064184E-2,2.057808876E0,-9.300125837E-1
3.488396292E0,3.323716670E-2,1.882004976E0,-8.310934901E-1
3.498386292E0,5.326497369E-3,1.731838942E0,-7.220149040E-1
3.508375292E0,-3.872431815E-2,1.536423326E0,-5.796279311E-1
3.518365292E0,-7.006213814E-2,1.326896548E0,-4.571905136E-1
3.528355292E0,-6.961072981E-2,1.156627297E0,-3.700356185E-1
3.538344292E0,-3.138856590E-2,9.364939332E-1,-2.793028057E-1
3.548334292E0,3.771939874E-2,7.283194661E-1,-1.967365444E-1
3.558324292E0,1.101819351E-1,5.133653283E-1,-1.079725996E-1
3.568314292E0,1.539515257E-1,2.761423588E-1,-1.967602968E-2
3.578303292E0,1.642810702E-1,3.937566280E-2,4.781407118E-2
3.588293292E0,1.696326882E-1,-1.510664523E-1,1.145947054E-1
3.598283292E0,1.868303269E-1,-2.498473525E-1,1.820246130E-1
3.608272292E0,2.070298642E-1,-3.243144155E-1,2.419278920E-1
3.618262292E0,2.375908345E-1,-4.222415686E-1,2.942686677E-1
3.628252292E0,2.713075280E-1,-5.164980292E-1,3.030786514E-1
3.638241292E0,2.963179946E-1,-5.922971368E-1,2.646933794E-1
3.648231292E0,3.003937006E-1,-6.460919380E-1,2.472589910E-1
3.658221292E0,3.188909888E-1,-7.007750869E-1,2.833563685E-1
3.668211292E0,3.756525517E-1,-7.184525728E-1,3.180493712E-1
3.678200292E0,4.194537103E-1,-7.109708786E-1,3.331066072E-1
3.688190292E0,4.391408563E-1,-6.920613647E-1,3.446873426E-1
3.698180292E0,4.570672810E-1,-6.643460393E-1,3.352022767E-1
3.708169292E0,4.778130352E-1,-6.592761874E-1,3.223072290E-1
3.718159292E0,4.945041835E-1,-7.033066750E-1,3.141503334E-1
3.728149292E0,5.264251232E-1,-7.713206410E-1,3.018148243E-1
3.738138292E0,5.706023574E-1,-8.411110640E-1,3.039270937E-1
3.748128292E0,5.904034972E-1,-8.887544870E-1,3.168969750E-1
3.758118292E0,5.823438168E-1,-8.784822822E-1,3.549811244E-1
3.768108292E0,5.630388260E-1,-8.608207107E-1,4.278803468E-1
3.778097292E0,5.309316516E-1,-8.746721745E-1,4.941226244E-1
3.788087292E0,5.092551112E-1,-9.151093364E-1,5.454869866E-1
3.798077292E0,4.799620509E-1,-9.656894803E-1,5.401563048E-1
3.808066292E0,4.450762570E-1,-1.025615454E0,5.202097893E-1
3.818056292E0,4.051727057E-1,-1.059625268E0,4.842178226E-1
3.828046292E0,4.035385847E-1,-1.049776554E0,4.592325687E-1
3.838036292E0,4.287956059E-1,-1.031612992E0,4.635451734E-1
3.848025292E0,4.606464803E-1,-1.012697101E0,4.767706990E-1
3.858015292E0,4.636863470E-1,-1.060592294E0,4.946725965E-1
3.868005292E0,4.405538440E-1,-1.152314663E0,5.293320417E-1
3.877994292E0,4.055590034E-1,-1.235156775E0,5.347909927E-1
3.887984292E0,3.489971757E-1,-1.276261091E0,5.310830474E-1
3.897974292E0,2.891078293E-1,-1.256226182E0,5.221989155E-1
3.907963292E0,2.510062754E-1,-1.207445145E0,5.195267200E-1
3.917953292E0,2.708361745E-1,-1.148308754E0,5.242616534E-1
3.927943292E0,2.914951146E-1,-1.151853323E0,5.389420390E-1
3.937933292E0,2.414418757E-1,-1.201545119E0,5.357323885E-1
3.947922292E0,1.583959907E-1,-1.256280303E0,5.206030011E-1
3.957912292E0,1.172075644E-1,-1.276126146E0,5.115601420E-1
3.967902292E0,1.037077382E-1,-1.257091284E0,5.253420472E-1
3.977891292E0,1.140185222E-1,-1.210988283E0,5.447675586E-1
3.987881292E0,1.504508257E-1,-1.158571482E0,5.456759930E-1
3.997871292E0,2.022447586E-1,-1.099299192E0,5.183692575E-1
4.007860292E0,2.165960073E-1,-1.066232681E0,4.982655644E-1
4.017850292E0,1.892457753E-1,-1.033160329E0,4.665626585E-1
4.027840292E0,1.486038119E-1,-1.010254502E0,4.431678355E-1
4.037830292E0,1.260407865E-1,-1.049893498E0,4.599146247E-1
4.047819292E0,8.647579700E-2,-1.099979639E0,5.049551129E-1
4.057809292E0,4.493956268E-2,-1.182010770E0,5.865716338E-1
4.067799292E0,2.302706987E-2,-1.298884153E0,7.374095917E-1
4.077788292E0,1.466844231E-2,-1.340120316E0,8.410390019E-1
4.087778292E0,1.736222953E-2,-1.313733459E0,8.679012656E-1
4.097768292E0,2.209341899E-2,-1.197256446E0,8.337236643E-1
4.107758292E0,1.058803033E-2,-1.045487523E0,7.284089923E-1
4.117747292E0,-4.334483296E-2,-9.460505247E-1,6.473175287E-1
4.127737292E0,-1.205797046E-1,-9.090983868E-1,5.798282623E-1
4.137727292E0,-1.886578947E-1,-9.805725217E-1,5.766636133E-1
4.147716292E0,-2.037380487E-1,-1.064092398E0,5.984535813E-1
4.157706292E0,-1.936682314E-1,-1.099237442E0,5.891615748E-1
4.167696292E0,-2.076461017E-1,-1.076032758E0,5.647180676E-1
4.177686292E0,-2.542753220E-1,-1.069149375E0,5.518469810E-1
4.187675292E0,-3.410677314E-1,-1.112053990E0,5.955550075E-1
4.197665292E0,-4.288676977E-1,-1.222349048E0,6.952362061E-1
4.207655292E0,-5.064791441E-1,-1.353256822E0,8.419705033E-1
4.217644292E0,-5.563058853E-1,-1.424308062E0,9.474877119E-1
4.227634292E0,-5.622098446E-1,-1.402805448E0,9.587446451E-1
4.237624292E0,-5.597485900E-1,-1.321618915E0,9.096022248E-1
4.247613292E0,-5.776569843E-1,-1.197730303E0,8.212254643E-1
4.257603292E0,-6.022388935E-1,-1.110729456E0,7.586117983E-1
4.267593292E0,-6.235268712E-1,-1.148795009E0,8.311866522E-1
4.277583292E0,-6.273410320E-1,-1.194897532E0,9.572155476E-1
4.287572292E0,-6.301450729E-1,-1.241043091E0,1.065104246E0
4.297562292E0,-5.656228065E-1,-1.204296827E0,1.092128038E0
4.307552292E0,-4.620450437E-1,-1.138424277E0,1.072997808E0
4.317541292E0,-3.524560332E-1,-1.046432734E0,1.019724011E0
4.327531292E0,-2.613583505E-1,-1.033230305E0,9.662442207E-1
4.337521292E0,-2.297657281E-1,-1.127437234E0,1.026308060E0
4.347511292E0,-2.375677377E-1,-1.223783970E0,1.112817645E0
4.357500292E0,-2.890013456E-1,-1.318470120E0,1.189645410E0
4.367490292E0,-3.542261720E-1,-1.287616372E0,1.170782328E0
4.377480292E0,-3.872022331E-1,-1.140173078E0,1.073415518E0
4.387469292E0,-3.812777400E-1,-9.477998614E-1,9.676917195E-1
4.397459292E0,-3.393276036E-1,-8.938903809E-1,9.423871040E-1
4.407449292E0,-3.372615278E-1,-9.242591858E-1,9.872568846E-1
4.417438292E0,-4.041576087E-1,-9.823781252E-1,1.045963526E0
4.427428292E0,-4.736597240E-1,-1.006397009E0,1.083222985E0
4.437418667E0,-4.575978518E-1,-9.153078198E-1,1.032019258E0
4.447408667E0,-4.199964106E-1,-7.691964507E-1,9.375159144E-1
4.457397667E0,-4.108088017E-1,-5.665103793E-1,8.367155194E-1
4.467387667E0,-4.142804742E-1,-4.511761069E-1,7.663976550E-1
4.477377667E0,-4.179612994E-1,-4.438337684E-1,8.246597648E-1
4.487366667E0,-4.034273624E-1,-5.408260822E-1,9.449150562E-1
4.497356667E0,-3.713663816E-1,-6.710332036E-1,1.055092096E0
4.507346667E0,-3.172661066E-1,-7.431446910E-1,1.105161190E0
4.517336667E0,-2.600109875E-1,-7.201340795E-1,1.079715848E0
4.527325667E0,-1.889338642E-1,-6.295288205E-1,1.022581458E0
4.537315667E0,-1.254520267E-1,-5.251088738E-1,9.782860875E-1
4.547305667E0,-8.748015761E-2,-4.086267352E-1,9.307177663E-1
4.557294667E0,-6.738015264E-2,-2.861097455E-1,8.646094203E-1
4.567284667E0,-5.123500153E-2,-1.776067317E-1,7.852472663E-1
4.577274667E0,-3.621055931E-2,-5.060013384E-2,6.756493449E-1
4.587263667E0,-3.032497503E-2,3.708737344E-2,5.653073788E-1
4.597253667E0,-1.611915976E-2,5.129653215E-2,5.433422327E-1
4.607243667E0,4.038006812E-2,2.865114063E-2,5.661165118E-1
4.617233667E0,1.469797492E-1,-3.207106143E-2,5.998070836E-1
4.627222667E0,2.583792508E-1,-8.636385947E-2,6.396751404E-1
4.637212667E0,3.118346334E-1,-1.192972437E-1,6.626747251E-1
4.647202667E0,2.850855887E-1,-1.364858001E-1,6.620909572E-1
4.657191667E0,2.343923450E-1,-6.735219061E-2,6.560349464E-1
4.667181667E0,2.193707824E-1,6.118021905E-2,6.628183126E-1
4.677171667E0,2.561087608E-1,1.657111943E-1,6.651850939E-1
4.687161667E0,3.185032010E-1,2.676966786E-1,6.257969737E-1
4.697150667E0,3.661263585E-1,3.969114125E-1,5.667259097E-1
4.707140667E0,3.425698876E-1,4.575036466E-1,4.861014187E-1
4.717130667E0,2.206227630E-1,4.395363331E-1,4.047509432E-1
4.727119667E0,1.067254990E-1,4.263606071E-1,3.725520372E-1
4.737109667E0,8.549343050E-2,3.568264842E-1,3.909877837E-1
4.747099667E0,1.151978001E-1,2.966880500E-1,4.250198007E-1
4.757089667E0,1.749589890E-1,3.466905951E-1,4.201089740E-1
4.767078667E0,2.390122712E-1,4.770621955E-1,3.828188777E-1
4.777068667E0,3.152907193E-1,6.905128956E-1,3.346183896E-1
4.787058667E0,4.422824681E-1,9.438860416E-1,2.930299342E-1
4.797047667E0,5.200044513E-1,1.149534702E0,2.393781990E-1
4.807037667E0,4.569775462E-1,1.291035414E0,9.095330536E-2
4.817027667E0,3.188812137E-1,1.429386616E0,-9.722538292E-2
4.827016667E0,2.138964683E-1,1.566956997E0,-2.469717413E-1
4.837006667E0,2.171794027E-1,1.750962496E0,-3.946520388E-1
4.846996667E0,3.069580197E-1,1.916841507E0,-5.300710797E-1
4.856986667E0,4.249647558E-1,2.088287592E0,-6.361881495E-1
4.866975667E0,5.722266436E-1,2.298263073E0,-7.286637425E-1
4.876965667E0,7.343909740E-1,2.503827810E0,-7.722386718E-1
4.886955667E0,8.952504396E-1,2.640992641E0,-7.712562084E-1
4.896944667E0,9.467452168E-1,2.647486687E0,-7.510004044E-1
4.906934667E0,8.675928712E-1,2.486511230E0,-7.428907752E-1
4.916924667E0,7.397947311E-1,2.140085220E0,-6.783503294E-1
4.926914667E0,6.596889496E-1,1.770332932E0,-5.267576575E-1
4.936903667E0,6.840434074E-1,1.486658812E0,-3.121103346E-1
4.946893667E0,7.898265123E-1,1.325931191E0,-7.786083221E-2
4.956883667E0,8.385385871E-1,1.251795650E0,1.110402942E-1
4.966872667E0,7.925606966E-1,1.230137587E0,2.149507105E-1
4.976862667E0,7.944942117E-1,1.242963552E0,2.481395304E-1
4.986852667E0,8.584125042E-1,1.268439889E0,2.393660098E-1
4.996842667E0,9.492596388E-1,1.276102185E0,1.818004996E-1
5.006831667E0,9.771634340E-1,1.143864512E0,1.199552491E-1
5.016821667E0,9.265422225E-1,8.909878731E-1,8.967635781E-2
5.026811667E0,8.754441142E-1,6.209704876E-1,7.647320628E-2
5.036800667E0,9.503333569E-1,4.460495114E-1,3.119369969E-2
5.046790667E0,1.212172151E0,4.654279947E-1,-4.090712219E-2
5.056780667E0,1.529240131E0,6.558455229E-1,-1.248336956E-1
5.066770667E0,1.775062919E0,9.052361846E-1,-2.042286545E-1
5.076759667E0,1.764099360E0,1.106101632E0,-2.541219592E-1
5.086749667E0,1.391442418E0,1.313877225E0,-3.796284795E-1
5.096739667E0,8.065112233E-1,1.273665428E0,-6.085281968E-1
5.106728667E0,4.315892756E-1,1.019225121E0,-7.023026347E-1
5.116718667E0,2.907412350E-1,7.712410688E-1,-4.769597650E-1
5.126708667E0,3.839486837E-1,5.790740252E-1,-2.023292929E-1
5.136697667E0,6.327615976E-1,5.185983777E-1,-7.835869491E-2
5.146687667E0,8.949189186E-1,5.131266713E-1,-7.050716877E-2
5.156677667E0,1.019630075E0,5.417923331E-1,-8.280779421E-2
5.166667667E0,9.789979458E-1,5.466685891E-1,-9.008967131E-2
5.176656667E0,8.927099109E-1,4.883579612E-1,-1.028477550E-1
5.186646667E0,8.314412236E-1,4.330361187E-1,-1.074923128E-1
5.196636667E0,7.588878274E-1,3.562151492E-1,-8.582705259E-2
5.206625667E0,6.568861008E-1,2.214200497E-1,-4.987971112E-2
5.216615667E0,5.386366844E-1,9.931281954E-2,2.496264130E-2
5.226605667E0,3.880631328E-1,3.997306898E-2,1.260485202E-1
5.236595667E0,2.875700295E-1,-5.706968158E-2,2.165874094E-1
5.246584667E0,2.603344321E-1,-1.501844376E-1,3.151283562E-1
5.256574667E0,2.917304337E-1,-2.312122434E-1,3.669858277E-1
5.266564667E0,3.283752799E-1,-3.135673106E-1,3.475292921E-1
5.276553667E0,3.309987187E-1,-3.727664053E-1,3.023407757E-1
5.286543667E0,2.759964466E-1,-3.718721271E-1,2.606130242E-1
5.296533667E0,1.633023024E-1,-3.556305468E-1,2.286092043E-1
5.306523667E0,7.471863180E-2,-3.533601761E-1,2.451125532E-1
5.316512667E0,1.171302889E-2,-4.024121165E-1,3.215297461E-1
5.326502667E0,-1.776390336E-2,-5.479647517E-1,4.362267554E-1
5.336492667E0,-2.119255066E-2,-7.278228998E-1,5.912588239E-1
5.346481667E0,-1.396313310E-2,-9.075080156E-1,7.476052642E-1
5.356471667E0,-2.283588238E-2,-1.040732622E0,8.927079439E-1
5.366461667E0,-7.174749672E-2,-1.147675514E0,9.727412462E-1
5.376451667E0,-1.259292960E-1,-1.266029716E0,9.536481500E-1
5.386440667E0,-9.811018407E-2,-1.290594220E0,8.558307886E-1
5.396430667E0,-7.058451883E-3,-1.146627784E0,6.854601502E-1
5.406420667E0,9.206174314E-2,-9.561185241E-1,4.798848927E-1
5.416409667E0,1.767791212E-1,-8.444347382E-1,2.932995558E-1
5.426399667E0,1.992553920E-1,-7.281566262E-1,1.846284717E-1
5.436388792E0,1.614701897E-1,-6.436249614E-1,1.928173751E-1
5.446377792E0,6.658948213E-2,-6.828272343E-1,3.081665933E-1
5.456367792E0,-6.978206336E-2,-8.114088178E-1,4.673503637E-1
5.466357792E0,-1.598552167E-1,-9.342806935E-1,6.125237942E-1
5.476347792E0,-2.024335116E-1,-1.030890584E0,7.071307302E-1
5.486336792E0,-2.042521983E-1,-1.136164546E0,7.232266068E-1
5.496326792E0,-1.835731566E-1,-1.181761503E0,6.698318720E-1
5.506316792E0,-2.026571035E-1,-1.130133748E0,6.019076705E-1
5.516305792E0,-2.869890630E-1,-1.021166205E0,5.690954328E-1
5.526295792E0,-3.782918155E-1,-8.742136955E-1,5.837337971E-1
5.536285792E0,-4.170027077E-1,-7.493821979E-1,5.941415429E-1
5.546275792E0,-4.497691691E-1,-6.485480070E-1,5.815541148E-1
5.556264792E0,-4.814417064E-1,-5.818622708E-1,5.634830594E-1
5.566254792E0,-5.052389503E-1,-6.009895802E-1,5.526743531E-1
5.576244792E0,-5.121100545E-1,-7.363984585E-1,6.204200983E-1
5.586233792E0,-4.547101259E-1,-9.512583017E-1,7.335029840E-1
5.596223792E0,-3.343457282E-1,-1.160219193E0,7.926194668E-1
5.606213792E0,-2.243050039E-1,-1.266719460E0,7.597051859E-1
5.616203792E0,-1.780450195E-1,-1.213673115E0,6.805394888E-1
5.626192792E0,-1.775672585E-1,-1.084639192E0,5.751888752E-1
5.636182792E0,-2.297102809E-1,-8.911235929E-1,4.991668463E-1
5.646172792E0,-2.929363847E-1,-6.810590029E-1,4.762785733E-1
5.656161792E0,-3.527173698E-1,-5.439157486E-1,4.614659548E-1
5.666151792E0,-4.023025036E-1,-4.478808343E-1,4.107559025E-1
5.676141792E0,-4.261436462E-1,-3.942471445E-1,3.185054064E-1
5.686131792E0,-4.348596334E-1,-3.332785964E-1,2.315760702E-1
5.696120792E0,-3.957324326E-1,-2.989572585E-1,1.723552644E-1
5.706110792E0,-3.319742382E-1,-3.450310230E-1,1.641897410E-1
5.716100792E0,-2.805316448E-1,-4.221937954E-1,1.863206178E-1
5.726089792E0,-2.317300290E-1,-4.954797328E-1,2.085068822E-1
5.736079792E0,-1.932433546E-1,-5.452802777E-1,1.766600013E-1
5.746069792E0,-1.900369078E-1,-5.106989145E-1,7.485082746E-2
5.756059792E0,-2.278055996E-1,-3.417676687E-1,-5.494346842E-3
5.766048792E0,-2.874649167E-1,-1.778770089E-1,-2.781190351E-2
5.776038792E0,-3.471247554E-1,-8.787413687E-2,-4.335960001E-2
5.786028792E0,-3.581201434E-1,-1.398739684E-2,-4.564991966E-2
5.796017792E0,-3.151508868E-1,2.708240226E-2,-1.771543361E-2
5.806007792E0,-2.299638093E-1,3.257117793E-2,2.842040034E-3
5.815997792E0,-1.560085565E-1,-5.316849332E-3,2.050043456E-2
5.825986792E0,-1.388649940E-1,-2.824852988E-2,9.597735107E-2
5.835976792E0,-1.366770566E-1,-1.095072329E-1,2.028567791E-1
5.845966792E0,-9.516076744E-2,-2.261587381E-1,2.570973933E-1
5.855956792E0,6.852079649E-3,-2.963955998E-1,2.602289617E-1
5.865945792E0,1.163340956E-1,-2.981791198E-1,2.432204187E-1
5.875935792E0,2.515377104E-1,-3.149790168E-1,2.018259019E-1
5.885925792E0,3.419054151E-1,-2.933437526E-1,1.578286141E-1
5.895914792E0,3.491528928E-1,-2.091642618E-1,1.197050959E-1
5.905904792E0,2.944451869E-1,-1.271215826E-1,1.085216850E-1
5.915894792E0,2.651638165E-2,-5.069877580E-2,1.745742410E-1
5.925884792E0,-3.308971226E-1,-8.120901883E-2,3.052153289E-1
5.935873792E0,-5.025487542E-1,-1.683776081E-1,4.121597707E-1
5.945863792E0,-5.318858624E-1,-2.287008613E-1,4.151257277E-1
5.955853792E0,-4.615021944E-1,-1.656283736E-1,3.005446494E-1
5.965842792E0,-3.984619677E-1,-1.026167907E-2,1.251941323E-1
5.975832792E0,-1.175089031E-1,8.318296075E-2,-5.672541261E-2
5.985822792E0,3.592110276E-1,1.713045537E-1,-1.807040870E-1
5.995812792E0,8.539210558E-1,2.108019739E-1,-2.644194663E-1
6.005801792E0,1.296540022E0,7.895126939E-2,-2.331513017E-1
6.015791792E0,1.409586072E0,-2.495519370E-1,1.160434037E-1
6.025781792E0,1.069143295E0,-3.615546227E-1,5.647122860E-1